ticker,date,open,high,low,close,adj_close,volume,return_1d,return_3d,return_5d,return_10d,return_20d,return_60d,volatility_5d,volatility_20d,volatility_60d,volume_to_20d_avg,volume_to_60d_avg,gap,intraday_range,high_252d,low_252d,distance_from_52w_high,distance_from_52w_low,dollar_volume,adv_20d_dollars,price,next_open,exit_close_5d,fwd_return_5d,exit_close_10d,fwd_return_10d,exit_close_20d,fwd_return_20d,event_date,has_event,days_to_event_calendar,event_5d,event_10d,event_20d,event_40d,event_60d,event_90d,sec_days_since_last_filing,sec_days_since_event_language,sec_filings_30d,sec_filings_90d,sec_filings_180d,sec_filings_ever,sec_strategic_alternatives_hit_30d,sec_strategic_alternatives_hit_90d,sec_strategic_alternatives_hit_180d,sec_strategic_alternatives_hit_ever,sec_strategic_alternatives_count_30d,sec_strategic_alternatives_count_90d,sec_strategic_alternatives_count_180d,sec_strategic_alternatives_count_ever,sec_investment_bank_hit_30d,sec_investment_bank_hit_90d,sec_investment_bank_hit_180d,sec_investment_bank_hit_ever,sec_investment_bank_count_30d,sec_investment_bank_count_90d,sec_investment_bank_count_180d,sec_investment_bank_count_ever,sec_change_of_control_hit_30d,sec_change_of_control_hit_90d,sec_change_of_control_hit_180d,sec_change_of_control_hit_ever,sec_change_of_control_count_30d,sec_change_of_control_count_90d,sec_change_of_control_count_180d,sec_change_of_control_count_ever,sec_committee_hit_30d,sec_committee_hit_90d,sec_committee_hit_180d,sec_committee_hit_ever,sec_committee_count_30d,sec_committee_count_90d,sec_committee_count_180d,sec_committee_count_ever,sec_unsolicited_interest_hit_30d,sec_unsolicited_interest_hit_90d,sec_unsolicited_interest_hit_180d,sec_unsolicited_interest_hit_ever,sec_unsolicited_interest_count_30d,sec_unsolicited_interest_count_90d,sec_unsolicited_interest_count_180d,sec_unsolicited_interest_count_ever,sec_multiple_party_interest_hit_30d,sec_multiple_party_interest_hit_90d,sec_multiple_party_interest_hit_180d,sec_multiple_party_interest_hit_ever,sec_multiple_party_interest_count_30d,sec_multiple_party_interest_count_90d,sec_multiple_party_interest_count_180d,sec_multiple_party_interest_count_ever,sec_transaction_hit_30d,sec_transaction_hit_90d,sec_transaction_hit_180d,sec_transaction_hit_ever,sec_transaction_count_30d,sec_transaction_count_90d,sec_transaction_count_180d,sec_transaction_count_ever,sec_confidentiality_hit_30d,sec_confidentiality_hit_90d,sec_confidentiality_hit_180d,sec_confidentiality_hit_ever,sec_confidentiality_count_30d,sec_confidentiality_count_90d,sec_confidentiality_count_180d,sec_confidentiality_count_ever,sec_financing_hit_30d,sec_financing_hit_90d,sec_financing_hit_180d,sec_financing_hit_ever,sec_financing_count_30d,sec_financing_count_90d,sec_financing_count_180d,sec_financing_count_ever,sec_any_event_language_hit_30d,sec_any_event_language_hit_90d,sec_any_event_language_hit_180d,sec_any_event_language_hit_ever,planned_position_dollars,open_gap,order_pct_adv,harsh_net_return_20d,execution_tradable,outcome_known_date,event_score,expected_net_return_20d,positive_return_score,execution_score,paper_entry_eligible,paper_entry_condition,rank_score,paper_action,no_order_reason
AIRO,2026-09-16,7.33,7.36,7.007,7.19,7.19,241666.0,-0.0110041265474551,-0.0082758620689654,0.0450581395348836,-0.0150684931506848,-0.1993318485523385,-0.0650195058517555,0.0211686193997345,0.0346250915466999,0.0567471978457032,0.6517315453725742,0.517329350147987,0.0082530949105914,0.0481582537517054,22.47,5.71,-0.6800178015131286,0.2591943957968476,1737578.54,2830973.9235,7.19,7.32,,,,,,,,0,,0,0,0,0,0,0,34.0,100.0,0.0,1.0,4,8.0,0,0,0,0,0.0,0.0,0.0,0.0,0,0,0,0,0.0,0.0,0.0,0.0,0,0,1,1,0.0,0.0,1.0,1.0,0,0,0,0,0.0,0.0,0.0,0.0,0,0,0,0,0.0,0.0,0.0,0.0,0,0,0,0,0.0,0.0,0.0,0.0,0,0,0,1,0.0,0.0,0.0,1.0,0,0,1,1,0.0,0.0,3.0,3.0,0,0,0,0,0.0,0.0,0.0,0.0,0,0,1,1,10000.0,0.018080667593880273,0.0035323532714270868,,False,2026-10-16,0.012164839223680148,0.05250197824073863,0.5312438731252147,0.0030762582308916262,True,next_open_gap_checked,0.0030762582308916262,WATCH_ONLY,Selected calibration strategy passed; no current names met all gates.
VENU,2026-09-16,1.79,1.82,1.665,1.69,1.69,589281.0,-0.0174418604651163,-0.028735632183908,-0.0611111111111111,-0.0913978494623656,-0.0913978494623656,-0.4328859060402684,0.0128295200533124,0.038613337479116,0.0551409628483039,1.387555955533673,0.9833019609160604,0.0406976744186047,0.0865921787709497,13.96,1.665,-0.8789398280802292,0.015015015015015,995884.89,790676.1300000001,1.69,1.73,,,,,,,,0,,0,0,0,0,0,0,26.0,26.0,1.0,2.0,2,8.0,0,0,0,0,0.0,0.0,0.0,0.0,0,0,0,0,0.0,0.0,0.0,0.0,1,1,1,1,1.0,2.0,2.0,2.0,0,0,0,0,0.0,0.0,0.0,0.0,0,0,0,0,0.0,0.0,0.0,0.0,0,0,0,0,0.0,0.0,0.0,0.0,0,1,1,1,0.0,1.0,1.0,6.0,1,1,1,1,1.0,2.0,2.0,3.0,1,1,1,1,3.0,3.0,3.0,20.0,1,1,1,1,10000.0,0.02366863905325456,0.012647403431794506,,False,2026-10-16,0.009324871142663888,0.04183174226003014,0.48189067375270234,0.0019465963013309928,True,next_open_gap_checked,0.0019465963013309928,WATCH_ONLY,Selected calibration strategy passed; no current names met all gates.
FLY,2026-09-16,20.68,20.715,19.56,20.28,20.28,3200904.0,-0.0102489019033673,-0.0402271651680075,-0.0701513067400274,-0.0188679245283018,-0.224177505738332,-0.2997237569060773,0.0261800054594986,0.0329699746216278,0.0499321271729457,1.3541739666525188,0.9155577840548872,0.0092728160078088,0.0558510638297872,62.17,16.0,-0.6737976516004504,0.2675,64914333.120000005,51918483.3095,20.28,20.98,,,,,,,,0,,0,0,0,0,0,0,35.0,106.0,0.0,1.0,4,8.0,0,0,0,0,0.0,0.0,0.0,0.0,0,0,0,0,0.0,0.0,0.0,0.0,0,0,0,1,0.0,0.0,0.0,1.0,0,0,0,0,0.0,0.0,0.0,0.0,0,0,0,0,0.0,0.0,0.0,0.0,0,0,0,0,0.0,0.0,0.0,0.0,0,0,1,1,0.0,0.0,2.0,4.0,0,0,1,1,0.0,0.0,1.0,1.0,0,0,0,0,0.0,0.0,0.0,0.0,0,0,1,1,10000.0,0.03451676528599612,0.00019260963268875398,,False,2026-10-16,0.00892303931183562,0.04255299374259639,0.46494123140790095,0.001868893631972613,True,next_open_gap_checked,0.001868893631972613,WATCH_ONLY,Selected calibration strategy passed; no current names met all gates.
QNCX,2026-09-16,27.39,28.5,25.775,27.17,27.17,48980.0,-0.0580689894262436,-0.0805414551607445,-0.1037440211116609,-0.1538461538461537,-0.174415071406867,0.4645321259163433,0.0341845190198002,0.0422782610572173,0.0451711473535439,2.5232465291193367,1.5772110499230123,-0.0504420176807072,0.0994888645491055,909.98,15.1,-0.9701422009274928,0.7993377483443711,1330786.6,601679.4084999998,27.17,27.17,,,,,,,,0,,0,0,0,0,0,0,1.0,1.0,1.0,1.0,2,8.0,0,0,0,0,0.0,0.0,0.0,0.0,0,0,0,0,0.0,0.0,0.0,0.0,1,1,1,1,1.0,1.0,1.0,8.0,0,0,0,0,0.0,0.0,0.0,0.0,0,0,0,0,0.0,0.0,0.0,0.0,0,0,0,0,0.0,0.0,0.0,0.0,1,1,1,1,1.0,1.0,1.0,81.0,0,0,1,1,0.0,0.0,1.0,7.0,0,0,0,1,0.0,0.0,0.0,1.0,1,1,1,1,10000.0,0.0,0.016620146640767088,,False,2026-10-16,0.02074677097867818,0.02598625694131509,0.44906304213077175,0.0016808397062359236,True,next_open_gap_checked,0.0016808397062359236,WATCH_ONLY,Selected calibration strategy passed; no current names met all gates.
SHAZ,2026-09-16,50.65,55.06,50.65,52.21,52.21,1192367.0,0.0444088817763552,-0.1211917185658979,-0.0799999999999999,-0.0081686930091184,-0.2409130561209653,-0.4319442933304319,0.0720708025976748,0.0509736925756296,0.0816150061534887,0.7797172433185329,0.6117249692763097,0.0132026405281056,0.0870681145113524,5690.0,1.25,-0.9908242530755712,40.768,62253481.07,86380891.60749999,52.21,55.17,,,,,,,,0,,0,0,0,0,0,0,2.0,2.0,1.0,3.0,5,8.0,0,0,0,0,0.0,0.0,0.0,0.0,0,0,0,0,0.0,0.0,0.0,0.0,0,0,0,0,0.0,0.0,0.0,0.0,0,0,0,0,0.0,0.0,0.0,0.0,0,0,0,0,0.0,0.0,0.0,0.0,0,0,0,0,0.0,0.0,0.0,0.0,1,1,1,1,1.0,1.0,3.0,229.0,0,1,1,1,0.0,1.0,1.0,3.0,0,0,1,1,0.0,0.0,1.0,44.0,1,1,1,1,10000.0,0.056694119900402296,0.00011576634385111805,,False,2026-10-16,0.017217282587240076,0.0268179641375684,0.4639426739260193,0.0016325723269793445,True,next_open_gap_checked,0.0016325723269793445,WATCH_ONLY,Selected calibration strategy passed; no current names met all gates.
GPRO,2026-09-16,1.31,1.34,1.25,1.27,1.27,19268725.0,-0.0378787878787879,-0.0797101449275361,-0.1024734982332156,0.0325203252032519,1.1438217420661716,0.7162162162162162,0.010482895017313,0.1744196410498052,0.1091391875615118,0.2109461831100417,0.5611477893330099,-0.0075757575757575,0.0687022900763359,3.05,0.5701,-0.5836065573770491,1.2276793544992106,24471280.75,124018578.535765,1.27,1.29,,,,,,,,0,,0,0,0,0,0,0,161.0,1238.0,0.0,0.0,1,7.0,0,0,0,0,0.0,0.0,0.0,0.0,0,0,0,0,0.0,0.0,0.0,0.0,0,0,0,1,0.0,0.0,0.0,15.0,0,0,0,0,0.0,0.0,0.0,0.0,0,0,0,0,0.0,0.0,0.0,0.0,0,0,0,0,0.0,0.0,0.0,0.0,0,0,0,1,0.0,0.0,0.0,7.0,0,0,0,1,0.0,0.0,0.0,12.0,0,0,0,0,0.0,0.0,0.0,0.0,0,0,0,1,10000.0,0.015748031496062964,8.063308028575862e-05,,False,2026-10-16,0.020531049786792183,0.024316816332276392,0.39422346143278825,0.001373582532845823,True,next_open_gap_checked,0.001373582532845823,WATCH_ONLY,Selected calibration strategy passed; no current names met all gates.
LVLU,2026-09-16,10.1,10.3,9.71,9.9,9.9,66203.0,-0.0060240963855422,-0.0699859088774071,-0.1624365482233503,-0.1831683168316831,-0.322845417236662,0.3769123783031989,0.0386524591606447,0.0529281370480026,0.0780566829705712,0.8837400533690729,1.3343661997380434,0.0140562248995983,0.0584158415841584,32.319,4.26,-0.6936786410470621,1.323943661971831,655409.7000000001,946104.9155,9.9,9.87,,,,,,,,0,,0,0,0,0,0,0,34.0,155.0,0.0,1.0,2,8.0,0,0,0,0,0.0,0.0,0.0,0.0,0,0,0,0,0.0,0.0,0.0,0.0,0,0,1,1,0.0,0.0,3.0,3.0,0,0,0,0,0.0,0.0,0.0,0.0,0,0,0,0,0.0,0.0,0.0,0.0,0,0,0,0,0.0,0.0,0.0,0.0,0,0,0,1,0.0,0.0,0.0,1.0,0,0,1,1,0.0,0.0,1.0,1.0,0,0,0,0,0.0,0.0,0.0,0.0,0,0,1,1,10000.0,-0.003030303030303161,0.0105696523040631,,False,2026-10-16,0.02176157779625632,0.02007722985096308,0.4430888582969127,0.0013123201905040566,True,next_open_gap_checked,0.0013123201905040566,WATCH_ONLY,Selected calibration strategy passed; no current names met all gates.
ADVB,2026-09-16,7.94,8.14,7.72,7.72,7.72,12936.0,-0.0445544554455445,-0.0573870573870574,-0.0917647058823529,-0.2605363984674329,-0.1146788990825689,0.4932301740812379,0.0539323647437385,0.0558156719286745,0.1688967638084659,0.0685996829863134,0.0069540202414348,-0.0173267326732673,0.0528967254408061,24.229,3.61,-0.6813735606091873,1.1385041551246535,99865.92,1730389.82375,7.72,7.76,,,,,,,,0,,0,0,0,0,0,0,58.0,58.0,0.0,1.0,3,8.0,0,0,0,0,0.0,0.0,0.0,0.0,0,0,0,0,0.0,0.0,0.0,0.0,0,0,1,1,0.0,0.0,1.0,1.0,0,0,0,0,0.0,0.0,0.0,0.0,0,0,0,0,0.0,0.0,0.0,0.0,0,0,0,0,0.0,0.0,0.0,0.0,0,1,1,1,0.0,1.0,9.0,13.0,0,0,1,1,0.0,0.0,14.0,14.0,0,0,0,1,0.0,0.0,0.0,1.0,0,1,1,1,10000.0,0.005181347150259086,0.005779044619164821,,False,2026-10-16,0.017056936209896418,0.026700104221472377,0.2911276950014145,0.0010151892051391174,True,next_open_gap_checked,0.0010151892051391174,WATCH_ONLY,Selected calibration strategy passed; no current names met all gates.
MSS,2026-09-16,1.59,1.65,1.51,1.52,1.52,61640.0,0.0,-0.1555555555555555,-0.1213872832369942,0.0555555555555555,-0.0318471337579617,-0.6001052354643515,0.0660429240059745,0.0786188872498014,0.0830962250404415,0.0120719100020699,0.0211395722423789,0.0460526315789473,0.0880503144654087,197.995,1.24,-0.9923230384605672,0.2258064516129032,93692.8,8959018.930750001,1.52,1.54,,,,,,,,0,,0,0,0,0,0,0,21.0,85.0,1.0,2.0,2,8.0,0,0,0,0,0.0,0.0,0.0,0.0,0,0,0,0,0.0,0.0,0.0,0.0,0,0,0,1,0.0,0.0,0.0,1.0,0,0,0,0,0.0,0.0,0.0,0.0,0,0,0,0,0.0,0.0,0.0,0.0,0,0,0,0,0.0,0.0,0.0,0.0,0,1,1,1,0.0,3.0,3.0,7.0,0,1,1,1,0.0,1.0,1.0,1.0,0,0,0,1,0.0,0.0,0.0,21.0,0,1,1,1,10000.0,0.013157894736842035,0.001116193645453415,,False,2026-10-16,0.009324871142663888,0.023873280361757492,0.4115099693773019,0.0009486671863340368,True,next_open_gap_checked,0.0009486671863340368,WATCH_ONLY,Selected calibration strategy passed; no current names met all gates.
PZG,2026-09-16,1.34,1.379,1.26,1.28,1.28,267674.0,-0.0153846153846154,-0.0303030303030302,-0.0588235294117647,-0.037593984962406,-0.111111111111111,0.0491803278688525,0.0170597036254855,0.0332678867999384,0.04151567151133,0.5307734230983423,0.5435985209109785,0.0307692307692308,0.0888059701492537,2.71,0.95,-0.5276752767527675,0.3473684210526317,342622.72000000003,739536.0845,1.28,1.32,,,,,,,,0,,0,0,0,0,0,0,63.0,842.0,0.0,1.0,1,8.0,0,0,0,0,0.0,0.0,0.0,0.0,0,0,0,0,0.0,0.0,0.0,0.0,0,0,0,1,0.0,0.0,0.0,1.0,0,0,0,0,0.0,0.0,0.0,0.0,0,0,0,0,0.0,0.0,0.0,0.0,0,0,0,0,0.0,0.0,0.0,0.0,0,0,0,1,0.0,0.0,0.0,15.0,0,0,0,1,0.0,0.0,0.0,3.0,0,0,0,1,0.0,0.0,0.0,4.0,0,0,0,1,10000.0,0.03125,0.013521990623028213,,False,2026-10-16,0.023789971442123088,0.006998030140478872,0.42704925942463395,0.0004609467338989437,True,next_open_gap_checked,0.0004609467338989437,WATCH_ONLY,Selected calibration strategy passed; no current names met all gates.
OPTU,2026-09-16,0.9784,1.058,0.97,1.01,1.01,2802112.0,0.0206143896523847,-0.0098039215686274,0.0469576034000207,0.0732121984911273,0.2079894749431887,-0.1919999999999999,0.0322699110110705,0.0538984870866348,0.0726492459404785,1.315085630382126,0.4699630819787861,-0.0113177041228779,0.08994276369583,2.79,0.5832,-0.6379928315412187,0.731824417009602,2830133.12,2063304.176485,1.01,1.02,,,,,,,,0,,0,0,0,0,0,0,30.0,505.0,0.0,1.0,1,8.0,0,0,0,0,0.0,0.0,0.0,0.0,0,0,0,1,0.0,0.0,0.0,2.0,0,0,0,1,0.0,0.0,0.0,2.0,0,0,0,1,0.0,0.0,0.0,1.0,0,0,0,0,0.0,0.0,0.0,0.0,0,0,0,1,0.0,0.0,0.0,1.0,0,0,0,1,0.0,0.0,0.0,5.0,0,0,0,1,0.0,0.0,0.0,4.0,0,0,0,0,0.0,0.0,0.0,0.0,0,0,0,1,10000.0,0.00990099009900991,0.004846595142862446,,False,2026-10-16,0.016464666895622038,0.00815129217020992,0.40465242083666325,0.00042323841302280524,True,next_open_gap_checked,0.00042323841302280524,WATCH_ONLY,Selected calibration strategy passed; no current names met all gates.
CDXS,2026-09-16,1.42,1.43,1.34,1.34,1.34,954123.0,-0.0428571428571427,-0.0853242320819113,-0.0629370629370628,-0.1125827814569535,-0.1066666666666665,-0.4345991561181435,0.0333054429749799,0.0431326642561274,0.0515052624353494,1.067875620615692,0.8305642721643282,0.0142857142857142,0.0633802816901407,2.98,0.9583,-0.5503355704697986,0.3983095064176145,1278524.82,1386038.9995000006,1.34,1.38,,,,,,,,0,,0,0,0,0,0,0,35.0,1104.0,0.0,1.0,1,8.0,0,0,0,0,0.0,0.0,0.0,0.0,0,0,0,0,0.0,0.0,0.0,0.0,0,0,0,0,0.0,0.0,0.0,0.0,0,0,0,0,0.0,0.0,0.0,0.0,0,0,0,0,0.0,0.0,0.0,0.0,0,0,0,0,0.0,0.0,0.0,0.0,0,0,0,1,0.0,0.0,0.0,3.0,0,0,0,1,0.0,0.0,0.0,1.0,0,0,0,0,0.0,0.0,0.0,0.0,0,0,0,1,10000.0,0.02985074626865658,0.007214804203638857,,False,2026-10-16,0.011360212053079636,0.00687025266479407,0.44759023995988373,0.00032775289477362824,True,next_open_gap_checked,0.00032775289477362824,WATCH_ONLY,Selected calibration strategy passed; no current names met all gates.
CAVA,2026-09-16,50.89,51.65,49.675,49.76,49.76,6029391.0,-0.0046009201840369,-0.1095204008589836,-0.11944788533003,-0.1853307138179436,-0.2708089097303634,-0.3847675568743818,0.0462375855615161,0.0338823951978402,0.0380846102922836,2.08377281015607,1.8276303603641773,0.018003600720144,0.0388091963057575,98.79,43.41,-0.4963052940581031,0.1462796590647317,300022496.15999997,172569058.014,49.76,51.31,,,,,,,,0,,0,0,0,0,0,0,35.0,142.0,0.0,1.0,2,8.0,0,0,0,0,0.0,0.0,0.0,0.0,0,0,0,0,0.0,0.0,0.0,0.0,0,0,0,1,0.0,0.0,0.0,2.0,0,0,0,0,0.0,0.0,0.0,0.0,0,0,0,0,0.0,0.0,0.0,0.0,0,0,0,0,0.0,0.0,0.0,0.0,0,0,0,0,0.0,0.0,0.0,0.0,0,0,1,1,0.0,0.0,1.0,3.0,0,0,0,0,0.0,0.0,0.0,0.0,0,0,1,1,10000.0,0.031149517684887496,5.794781587779618e-05,,False,2026-10-16,0.010103660073287873,0.006208500902122096,0.4672064379212186,0.00029156469189073314,True,next_open_gap_checked,0.00029156469189073314,WATCH_ONLY,Selected calibration strategy passed; no current names met all gates.
NAK,2026-09-16,1.27,1.28,1.2,1.24,1.24,3833377.0,-0.0158730158730159,-0.1205673758865247,-0.1895424836601307,-0.2051282051282051,-0.2101910828025478,-0.3921568627450981,0.0323153228029064,0.0395436966368359,0.0433654463113436,1.0387055343863003,0.8153816695723701,0.0079365079365079,0.062992125984252,2.98,0.81,-0.5838926174496644,0.5308641975308641,4753387.4799999995,5739087.447,1.24,1.29,,,,,,,,0,,0,0,0,0,0,0,,,0.0,0.0,0,0.0,0,0,0,0,0.0,0.0,0.0,0.0,0,0,0,0,0.0,0.0,0.0,0.0,0,0,0,0,0.0,0.0,0.0,0.0,0,0,0,0,0.0,0.0,0.0,0.0,0,0,0,0,0.0,0.0,0.0,0.0,0,0,0,0,0.0,0.0,0.0,0.0,0,0,0,0,0.0,0.0,0.0,0.0,0,0,0,0,0.0,0.0,0.0,0.0,0,0,0,0,0.0,0.0,0.0,0.0,0,0,0,0,10000.0,0.040322580645161255,0.0017424372937943841,,False,2026-10-16,0.004115181018112375,0.008990417842907023,0.43898376551203305,0.0002531761596957331,True,next_open_gap_checked,0.0002531761596957331,WATCH_ONLY,Selected calibration strategy passed; no current names met all gates.
MAIR,2026-09-16,24.22,24.46,23.2,23.48,23.48,2302419.0,-0.0175732217573221,-0.0686235620785402,-0.0634224172317511,-0.0881553398058252,-0.1443148688046647,-0.3910788381742739,0.0299063265568994,0.0399317038323199,0.0375468829830199,0.7535241749123194,0.8380969074434427,0.0133891213389121,0.0520231213872833,44.5,22.91,-0.4723595505617978,0.0248799650807507,54060798.12,80003304.345,23.48,23.98,,,,,,,,0,,0,0,0,0,0,0,22.0,22.0,1.0,3.0,7,7.0,1,1,1,1,1.0,2.0,2.0,2.0,0,0,0,0,0.0,0.0,0.0,0.0,0,0,0,0,0.0,0.0,0.0,0.0,0,0,0,0,0.0,0.0,0.0,0.0,0,0,0,0,0.0,0.0,0.0,0.0,0,0,0,0,0.0,0.0,0.0,0.0,1,1,1,1,22.0,45.0,47.0,47.0,0,1,1,1,0.0,1.0,1.0,1.0,1,1,1,1,18.0,18.0,20.0,20.0,1,1,1,1,10000.0,0.021294718909710353,0.00012499483717418448,,False,2026-10-16,0.01154181272865753,0.004792222974194714,0.3540298742709816,0.0001822694736332187,True,next_open_gap_checked,0.0001822694736332187,WATCH_ONLY,Selected calibration strategy passed; no current names met all gates.
CAI,2026-09-16,28.16,29.085,27.91,28.21,28.21,4302436.0,-0.0101754385964911,0.1589975349219392,0.1739492301290053,0.1384180790960452,0.3452551263710064,0.6296938186019643,0.0459921589302671,0.0446987102153506,0.0470155306180352,0.8146252408280567,0.9424596409978911,-0.0119298245614034,0.0417258522727273,34.544,14.19,-0.1833603520148216,0.9880197322057788,121371719.56,136357003.98,28.21,28.595,,,,,,,,0,,0,0,0,0,0,0,1.0,146.0,1.0,1.0,4,8.0,0,0,0,0,0.0,0.0,0.0,0.0,0,0,1,1,0.0,0.0,1.0,1.0,0,0,0,0,0.0,0.0,0.0,0.0,0,0,0,0,0.0,0.0,0.0,0.0,0,0,0,0,0.0,0.0,0.0,0.0,0,0,0,0,0.0,0.0,0.0,0.0,0,0,1,1,0.0,0.0,6.0,6.0,0,0,1,1,0.0,0.0,1.0,1.0,0,0,0,0,0.0,0.0,0.0,0.0,0,0,1,1,10000.0,0.013647642679900596,7.333690025535277e-05,,False,2026-10-16,0.020292339823306575,0.0025102114440326393,0.4345370070835581,0.00015538286944125982,True,next_open_gap_checked,0.00015538286944125982,WATCH_ONLY,Selected calibration strategy passed; no current names met all gates.
ACVA,2026-09-16,10.44,10.44,10.42,10.42,10.42,11997022.0,-0.0009587727708533,0.0009606147934677,0.4138398914518317,0.5414201183431953,0.3656618610747051,0.6357927786499216,0.1999626789593918,0.1018470528181093,0.0646576147568469,1.1686355546911134,1.976674921708293,0.0009587727708533,0.0019157088122604,10.595,4.065,-0.0165172251061822,1.5633456334563345,125008969.24,99171182.474,10.42,10.46,,,,,,,,0,,0,0,0,0,0,0,152.0,152.0,0.0,0.0,1,7.0,0,0,0,0,0.0,0.0,0.0,0.0,0,0,0,0,0.0,0.0,0.0,0.0,0,0,0,1,0.0,0.0,0.0,4.0,0,0,0,0,0.0,0.0,0.0,0.0,0,0,0,0,0.0,0.0,0.0,0.0,0,0,0,0,0.0,0.0,0.0,0.0,0,0,0,1,0.0,0.0,0.0,5.0,0,0,1,1,0.0,0.0,2.0,25.0,0,0,0,0,0.0,0.0,0.0,0.0,0,0,1,1,10000.0,0.0038387715930903177,0.00010083574432140837,,False,2026-10-16,0.026709872859298482,0.0022785640198483125,0.3680267738262926,0.00013704921751155576,True,next_open_gap_checked,0.00013704921751155576,WATCH_ONLY,Selected calibration strategy passed; no current names met all gates.
AMBQ,2026-09-16,62.57,62.65,58.47,59.9,59.9,362336.0,-0.0156121610517666,-0.0569899244332494,-0.0606868433432649,0.0707901322845907,-0.0493572448817647,-0.3236224028906956,0.0458104526230224,0.0403211361894665,0.049348082755855,0.8561192682715044,0.6821675283805805,0.028266228430567,0.0668051782004155,91.61,22.12,-0.3461412509551359,1.7079566003616633,21703926.4,25175244.524,59.9,61.76,,,,,,,,0,,0,0,0,0,0,0,36.0,146.0,0.0,1.0,4,8.0,0,0,0,0,0.0,0.0,0.0,0.0,0,0,0,0,0.0,0.0,0.0,0.0,0,0,1,1,0.0,0.0,1.0,1.0,0,0,0,0,0.0,0.0,0.0,0.0,0,0,0,0,0.0,0.0,0.0,0.0,0,0,0,0,0.0,0.0,0.0,0.0,0,0,1,1,0.0,0.0,3.0,3.0,0,0,1,1,0.0,0.0,1.0,1.0,0,0,0,0,0.0,0.0,0.0,0.0,0,0,1,1,10000.0,0.031051752921535947,0.0003972156056107747,,False,2026-10-16,0.011057800763674117,0.00233711296078885,0.4364149350282077,0.00010725404712378355,True,next_open_gap_checked,0.00010725404712378355,WATCH_ONLY,Selected calibration strategy passed; no current names met all gates.
AAOI,2026-09-16,98.2,99.6,94.0,96.74,96.74,6963381.0,0.0152167068947421,-0.0818147304479879,-0.103678310015751,-0.064319566689235,-0.2638307586941633,-0.4350289084856625,0.0465147839966844,0.0518776492469009,0.0816995906751161,0.9843385644232292,0.7094009138406736,0.0305383565956554,0.0570264765784113,233.67,18.5,-0.5859973466854966,4.229189189189189,673637477.9399999,776058586.4305,96.74,100.725,,,,,,,,0,,0,0,0,0,0,0,0.0,0.0,1.0,1.0,1,8.0,0,0,0,0,0.0,0.0,0.0,0.0,0,0,0,0,0.0,0.0,0.0,0.0,0,0,0,0,0.0,0.0,0.0,0.0,0,0,0,0,0.0,0.0,0.0,0.0,0,0,0,0,0.0,0.0,0.0,0.0,0,0,0,0,0.0,0.0,0.0,0.0,1,1,1,1,1.0,1.0,1.0,8.0,0,0,0,1,0.0,0.0,0.0,3.0,0,0,0,1,0.0,0.0,0.0,4.0,1,1,1,1,10000.0,0.04119288815381439,1.2885625099511158e-05,,False,2026-10-16,0.006787483443898779,-0.012701967932297125,0.4403550366327777,0.0,True,next_open_gap_checked,0.0,WATCH_ONLY,Selected calibration strategy passed; no current names met all gates.
AB,2026-09-16,36.04,36.5,35.29,35.5,35.5,441888.0,-0.0158026060438036,-0.0163480188417844,-0.0244572684803517,-0.0319061903463322,-0.0187949143173024,-0.0127919911012236,0.0069387855444602,0.0078385246449548,0.0093094857355034,1.4811984256434287,1.56474230713868,-0.0008317161075686,0.033573806881243,44.11,34.92,-0.1951938335978236,0.0166093928980526,15687024.0,10883030.15,35.5,35.88,,,,,,,,0,,0,0,0,0,0,0,5.0,1792.0,1.0,1.0,1,8.0,0,0,0,0,0.0,0.0,0.0,0.0,0,0,0,0,0.0,0.0,0.0,0.0,0,0,0,0,0.0,0.0,0.0,0.0,0,0,0,0,0.0,0.0,0.0,0.0,0,0,0,0,0.0,0.0,0.0,0.0,0,0,0,0,0.0,0.0,0.0,0.0,0,0,0,1,0.0,0.0,0.0,1.0,0,0,0,0,0.0,0.0,0.0,0.0,0,0,0,0,0.0,0.0,0.0,0.0,0,0,0,1,10000.0,0.010704225352112795,0.0009188617381529537,,False,2026-10-16,0.008993938347342259,-0.02465291489136744,0.2885194260313094,0.0,True,next_open_gap_checked,0.0,WATCH_ONLY,Selected calibration strategy passed; no current names met all gates.
ACB,2026-09-16,3.82,3.87,3.775,3.83,3.83,557902.0,0.0026178010471205,0.0240641711229945,-0.0128865979381442,-0.0543209876543209,0.0435967302452315,0.3344947735191637,0.0214296773090455,0.0231247091963172,0.0358481875379762,0.5267526903568253,0.4139444492102035,0.0,0.024869109947644,6.665,2.56,-0.4253563390847712,0.49609375,2136764.66,4163892.9245,3.83,3.87,,,,,,,,0,,0,0,0,0,0,0,,,0.0,0.0,0,0.0,0,0,0,0,0.0,0.0,0.0,0.0,0,0,0,0,0.0,0.0,0.0,0.0,0,0,0,0,0.0,0.0,0.0,0.0,0,0,0,0,0.0,0.0,0.0,0.0,0,0,0,0,0.0,0.0,0.0,0.0,0,0,0,0,0.0,0.0,0.0,0.0,0,0,0,0,0.0,0.0,0.0,0.0,0,0,0,0,0.0,0.0,0.0,0.0,0,0,0,0,0.0,0.0,0.0,0.0,0,0,0,0,10000.0,0.010443864229765065,0.0024015987397660566,,False,2026-10-16,0.004115181018112375,-0.011740360719363583,0.43342514252771885,0.0,True,next_open_gap_checked,0.0,WATCH_ONLY,Selected calibration strategy passed; no current names met all gates.
ACFN,2026-09-16,20.45,20.97,19.28,20.78,20.78,78605.0,0.0236453201970443,-0.0386305806153133,0.0939720979205054,0.0839853938445487,0.069480185280494,0.2725045927740357,0.0566622894903621,0.0450331045491936,0.035266728445239,1.1080990402724678,1.8906188616921484,0.0073891625615762,0.0826405867970659,31.88,12.42,-0.3481806775407778,0.673107890499195,1633411.9,1410305.3362500002,20.78,21.19,,,,,,,,0,,0,0,0,0,0,0,6.0,6.0,1.0,1.0,1,8.0,0,0,0,0,0.0,0.0,0.0,0.0,0,0,0,1,0.0,0.0,0.0,1.0,0,0,0,1,0.0,0.0,0.0,3.0,0,0,0,0,0.0,0.0,0.0,0.0,0,0,0,0,0.0,0.0,0.0,0.0,0,0,0,0,0.0,0.0,0.0,0.0,1,1,1,1,1.0,1.0,1.0,8.0,0,0,0,1,0.0,0.0,0.0,2.0,0,0,0,1,0.0,0.0,0.0,3.0,1,1,1,1,10000.0,0.019730510105871124,0.007090663094695498,,False,2026-10-16,0.020812898755355858,-0.01575284379712779,0.4090159200299218,0.0,True,next_open_gap_checked,0.0,WATCH_ONLY,Selected calibration strategy passed; no current names met all gates.
ACGL,2026-09-16,96.14,97.63,96.14,96.97,96.97,5272433.0,-0.0007213520197857,0.0091580809657612,0.0088955938199033,-0.0166311733089949,-0.0196137903144272,0.0535636679704476,0.0105723614563533,0.0115636287287036,0.0147010543848398,1.7280731767088633,2.3999752374941665,-0.0092745259686727,0.0154982317453712,107.085,82.445,-0.0944576738105242,0.176178058099339,511267828.01,298841605.894,96.97,97.0,,,,,,,,0,,0,0,0,0,0,0,49.0,3386.0,0.0,1.0,1,8.0,0,0,0,0,0.0,0.0,0.0,0.0,0,0,0,0,0.0,0.0,0.0,0.0,0,0,0,0,0.0,0.0,0.0,0.0,0,0,0,0,0.0,0.0,0.0,0.0,0,0,0,0,0.0,0.0,0.0,0.0,0,0,0,0,0.0,0.0,0.0,0.0,0,0,0,1,0.0,0.0,0.0,2.0,0,0,0,0,0.0,0.0,0.0,0.0,0,0,0,0,0.0,0.0,0.0,0.0,0,0,0,1,10000.0,0.0003093740332060779,3.3462542707480395e-05,,False,2026-10-16,0.006509958772869935,-0.02465291489136744,0.31343664959278494,0.0,True,next_open_gap_checked,0.0,WATCH_ONLY,Selected calibration strategy passed; no current names met all gates.
ACH,2026-09-16,1.1,1.11,1.04,1.07,1.07,1242775.0,-0.0360360360360361,-0.0092592592592593,0.0,-0.0695652173913041,-0.0530973451327432,-0.665625,0.0266317432513008,0.0541420220251685,0.0860618402609047,1.067758400282221,1.0680032157615282,-0.009009009009009,0.0636363636363636,5.69,0.9337,-0.81195079086116,0.1459783656420692,1329769.25,1392443.742000006,1.07,1.08,,,,,,,,0,,0,0,0,0,0,0,496.0,2008.0,0.0,0.0,0,7.0,0,0,0,0,0.0,0.0,0.0,0.0,0,0,0,0,0.0,0.0,0.0,0.0,0,0,0,0,0.0,0.0,0.0,0.0,0,0,0,0,0.0,0.0,0.0,0.0,0,0,0,0,0.0,0.0,0.0,0.0,0,0,0,0,0.0,0.0,0.0,0.0,0,0,0,0,0.0,0.0,0.0,0.0,0,0,0,1,0.0,0.0,0.0,2.0,0,0,0,0,0.0,0.0,0.0,0.0,0,0,0,1,10000.0,0.009345794392523477,0.007181618688333304,,False,2026-10-16,0.010165272775014509,-0.011175317739656666,0.427568303724235,0.0,True,next_open_gap_checked,0.0,WATCH_ONLY,Selected calibration strategy passed; no current names met all gates.
ACLS,2026-09-16,107.41,107.625,102.66,103.75,103.75,440920.0,-0.0122810357958873,-0.0853389755796527,-0.1021979923849083,-0.0575892451630484,-0.2336952507570721,-0.4358960417572857,0.0294424843338142,0.0319479459750654,0.0494542666526948,1.3624520428746587,0.9899667043653216,0.0225628332063974,0.0462247462992272,193.78,73.6,-0.4645990298276395,0.4096467391304348,45745450.0,37462274.496,103.75,106.16,,,,,,,,0,,0,0,0,0,0,0,41.0,901.0,0.0,1.0,1,8.0,0,0,0,0,0.0,0.0,0.0,0.0,0,0,0,0,0.0,0.0,0.0,0.0,0,0,0,0,0.0,0.0,0.0,0.0,0,0,0,0,0.0,0.0,0.0,0.0,0,0,0,0,0.0,0.0,0.0,0.0,0,0,0,1,0.0,0.0,0.0,1.0,0,0,0,1,0.0,0.0,0.0,2.0,0,0,0,1,0.0,0.0,0.0,3.0,0,0,0,0,0.0,0.0,0.0,0.0,0,0,0,1,10000.0,0.023228915662650618,0.0002669352070725909,,False,2026-10-16,0.009542632830568425,-0.006765665328917485,0.44759023995988373,0.0,True,next_open_gap_checked,0.0,WATCH_ONLY,Selected calibration strategy passed; no current names met all gates.
ACN,2026-09-16,190.04,192.0,188.18,189.64,189.64,3265189.0,-0.0194415718717684,0.0312126155519303,0.0787258248009099,0.0082407358179594,0.0966286936910887,0.5191860930865977,0.0321611049425326,0.0282394627852573,0.0292294226923544,0.7271591783683802,0.4467982627208452,-0.0173733195449845,0.0201010313618185,291.09,118.15,-0.3485176405922566,0.6050782903089291,619210441.9599999,836629253.413,189.64,189.94,,,,,,,,0,,0,0,0,0,0,0,68.0,229.95833333333337,0.0,1.0,1,8.0,0,0,0,0,0.0,0.0,0.0,0.0,0,0,0,0,0.0,0.0,0.0,0.0,0,0,0,0,0.0,0.0,0.0,0.0,0,0,0,0,0.0,0.0,0.0,0.0,0,0,0,0,0.0,0.0,0.0,0.0,0,0,0,0,0.0,0.0,0.0,0.0,0,0,0,0,0.0,0.0,0.0,0.0,0,0,0,1,0.0,0.0,0.0,3.0,0,0,0,0,0.0,0.0,0.0,0.0,0,0,0,1,10000.0,0.0015819447373972562,1.1952725725529376e-05,,False,2026-10-16,0.005796989494271368,-0.016560249885306494,0.41589581042696255,0.0,True,next_open_gap_checked,0.0,WATCH_ONLY,Selected calibration strategy passed; no current names met all gates.
ADEA,2026-09-16,24.97,25.42,24.66,24.97,24.97,1307778.0,0.0028112449799195,-0.0651441407712467,-0.0679357969391564,0.0246204349610175,-0.1088508208422556,-0.2150267211568689,0.0376248595187352,0.0283797621180612,0.0399811067784234,1.589239653059186,1.0709052379089965,0.0028112449799195,0.0304365238285943,34.34,11.61,-0.272859638905067,1.1507321274763136,32655216.66,21318655.8405,24.97,25.6,,,,,,,,0,,0,0,0,0,0,0,43.0,592.9583333333334,0.0,1.0,1,8.0,0,0,0,0,0.0,0.0,0.0,0.0,0,0,0,1,0.0,0.0,0.0,4.0,0,0,0,1,0.0,0.0,0.0,1.0,0,0,0,0,0.0,0.0,0.0,0.0,0,0,0,0,0.0,0.0,0.0,0.0,0,0,0,0,0.0,0.0,0.0,0.0,0,0,0,1,0.0,0.0,0.0,198.0,0,0,0,1,0.0,0.0,0.0,21.0,0,0,0,0,0.0,0.0,0.0,0.0,0,0,0,1,10000.0,0.02523027633159791,0.00046907272554222456,,False,2026-10-16,0.013248630022664265,-0.007401780142812551,0.43318681204270915,0.0,True,next_open_gap_checked,0.0,WATCH_ONLY,Selected calibration strategy passed; no current names met all gates.
ADP,2026-09-16,273.3,277.62,271.96,273.19,273.19,2478665.0,-0.0120782555238129,0.0183776932826362,0.0300505240932056,-0.0363328512469576,0.0144071887415988,0.2730195712954333,0.0159103675653579,0.0152944339120596,0.0193309106581382,1.2599136941595743,1.048504889679614,-0.0116804686652441,0.0207098426637395,294.46,188.16,-0.0722339197174488,0.4519026360544218,677146491.35,547574161.1070001,273.19,271.31,,,,,,,,0,,0,0,0,0,0,0,49.0,1818.0,0.0,1.0,1,8.0,0,0,0,0,0.0,0.0,0.0,0.0,0,0,0,0,0.0,0.0,0.0,0.0,0,0,0,0,0.0,0.0,0.0,0.0,0,0,0,0,0.0,0.0,0.0,0.0,0,0,0,0,0.0,0.0,0.0,0.0,0,0,0,0,0.0,0.0,0.0,0.0,0,0,0,0,0.0,0.0,0.0,0.0,0,0,0,1,0.0,0.0,0.0,1.0,0,0,0,0,0.0,0.0,0.0,0.0,0,0,0,1,10000.0,-0.0068816574545188525,1.8262366470659532e-05,,False,2026-10-16,0.005796989494271368,-0.024012716409663463,0.34647460385668516,0.0,True,next_open_gap_checked,0.0,WATCH_ONLY,Selected calibration strategy passed; no current names met all gates.
AFL,2026-09-16,117.23,118.09,116.15,116.81,116.81,2375105.0,-0.006295193534666,0.0132720333102012,0.0180407878682238,0.0068091708326152,-0.0404173170130617,0.0022308022308021,0.0083154372805503,0.0137003634274046,0.0119297984631495,1.1388470850591497,1.16409046999386,-0.0027222458528285,0.0165486650174869,130.22,105.426,-0.1029795730302565,0.1079809534649895,277436015.05,242805589.04649997,116.81,117.02,,,,,,,,0,,0,0,0,0,0,0,40.0,1280.0,0.0,1.0,1,8.0,0,0,0,0,0.0,0.0,0.0,0.0,0,0,0,0,0.0,0.0,0.0,0.0,0,0,0,0,0.0,0.0,0.0,0.0,0,0,0,0,0.0,0.0,0.0,0.0,0,0,0,0,0.0,0.0,0.0,0.0,0,0,0,0,0.0,0.0,0.0,0.0,0,0,0,0,0.0,0.0,0.0,0.0,0,0,0,1,0.0,0.0,0.0,8.0,0,0,0,0,0.0,0.0,0.0,0.0,0,0,0,1,10000.0,0.0017977912849926891,4.1185213401677046e-05,,False,2026-10-16,0.006696791996195411,-0.02465291489136744,0.32121013212609706,0.0,True,next_open_gap_checked,0.0,WATCH_ONLY,Selected calibration strategy passed; no current names met all gates.
AGM,2026-09-16,222.93,224.9,216.267,220.65,220.65,131816.0,-0.0170616535994296,-0.0215511507250232,-0.0169302740031186,0.0036388446668182,-0.0370095578928991,0.2052766701261812,0.0081090401430709,0.0107374301383627,0.0158649533900847,1.366495685383381,1.1174198138792182,-0.0069048467569493,0.0387251603642399,248.285,136.57,-0.1113035423001792,0.6156549754704548,29085200.4,21491213.6995,220.65,222.25,,,,,,,,0,,0,0,0,0,0,0,33.0,1854.0,0.0,1.0,1,8.0,0,0,0,0,0.0,0.0,0.0,0.0,0,0,0,0,0.0,0.0,0.0,0.0,0,0,0,0,0.0,0.0,0.0,0.0,0,0,0,0,0.0,0.0,0.0,0.0,0,0,0,0,0.0,0.0,0.0,0.0,0,0,0,0,0.0,0.0,0.0,0.0,0,0,0,1,0.0,0.0,0.0,1.0,0,0,0,0,0.0,0.0,0.0,0.0,0,0,0,0,0.0,0.0,0.0,0.0,0,0,0,1,10000.0,0.007251302968502182,0.0004653064335883764,,False,2026-10-16,0.009399376525803117,-0.02465291489136744,0.3273210501911423,0.0,True,next_open_gap_checked,0.0,WATCH_ONLY,Selected calibration strategy passed; no current names met all gates.
AIIO,2026-09-16,1.52,1.56,1.495,1.54,1.54,360820.0,0.0,-0.0833333333333332,-0.1720430107526882,-0.2487804878048779,-0.4460431654676259,-0.5202492211838006,0.0238360064974507,0.0544994014443066,0.0874549834010532,0.5080630115286456,0.264740918570963,-0.0129870129870129,0.0427631578947368,56.3,0.5401,-0.972646536412078,1.8513238289205705,555662.8,1460552.5825,1.54,1.56,,,,,,,,0,,0,0,0,0,0,0,,,0.0,0.0,0,0.0,0,0,0,0,0.0,0.0,0.0,0.0,0,0,0,0,0.0,0.0,0.0,0.0,0,0,0,0,0.0,0.0,0.0,0.0,0,0,0,0,0.0,0.0,0.0,0.0,0,0,0,0,0.0,0.0,0.0,0.0,0,0,0,0,0.0,0.0,0.0,0.0,0,0,0,0,0.0,0.0,0.0,0.0,0,0,0,0,0.0,0.0,0.0,0.0,0,0,0,0,0.0,0.0,0.0,0.0,0,0,0,0,10000.0,0.012987012987013102,0.00684672371253022,,False,2026-10-16,0.004115181018112375,-0.04082781097175599,0.4058868136279621,0.0,True,next_open_gap_checked,0.0,WATCH_ONLY,Selected calibration strategy passed; no current names met all gates.
AIR,2026-09-16,116.73,119.86,115.49,117.23,117.23,343386.0,0.0113008971704624,-0.0657475294867707,-0.0591492776886034,-0.0582422879177377,-0.2133270701919205,-0.1269734882335418,0.0252158685114867,0.0279524652212173,0.0307176401726379,1.054337436737942,0.80420395200154,0.0069875776397516,0.0374368200119935,154.0,74.243,-0.2387662337662337,0.5790040811928399,40255140.78,41804590.4985,117.23,119.74,,,,,,,,0,,0,0,0,0,0,0,37.0,37.0,0.0,1.0,1,8.0,0,0,0,0,0.0,0.0,0.0,0.0,0,0,0,0,0.0,0.0,0.0,0.0,0,0,0,0,0.0,0.0,0.0,0.0,0,0,0,0,0.0,0.0,0.0,0.0,0,0,0,0,0.0,0.0,0.0,0.0,0,0,0,0,0.0,0.0,0.0,0.0,0,1,1,1,0.0,3.0,3.0,11.0,0,1,1,1,0.0,1.0,1.0,2.0,0,0,0,0,0.0,0.0,0.0,0.0,0,1,1,1,10000.0,0.02141090164633619,0.00023920817978970068,,False,2026-10-16,0.010684279833048269,-0.009891482956497855,0.43054736822406353,0.0,True,next_open_gap_checked,0.0,WATCH_ONLY,Selected calibration strategy passed; no current names met all gates.
ALH,2026-09-16,21.29,21.875,21.205,21.55,21.55,1042012.0,0.0213270142180095,-0.0027764923646459,-0.0091954022988505,-0.0318957771787961,-0.1020833333333333,-0.184947049924357,0.0225479836437457,0.0177342602758218,0.0189879779749056,0.5235382892628784,0.9563145054582488,0.0090047393364927,0.031470173790512,28.23,18.64,-0.2366277010272759,0.1561158798283262,22455358.6,46253410.046,21.55,22.02,,,,,,,,0,,0,0,0,0,0,0,34.0,141.0,0.0,2.0,6,8.0,0,0,0,0,0.0,0.0,0.0,0.0,0,0,0,0,0.0,0.0,0.0,0.0,0,0,1,1,0.0,0.0,3.0,3.0,0,0,0,0,0.0,0.0,0.0,0.0,0,0,0,0,0.0,0.0,0.0,0.0,0,0,1,1,0.0,0.0,2.0,2.0,0,0,0,1,0.0,0.0,0.0,1.0,0,0,1,1,0.0,0.0,3.0,3.0,0,0,0,0,0.0,0.0,0.0,0.0,0,0,1,1,10000.0,0.02180974477958242,0.00021620027561329615,,False,2026-10-16,0.016045466394282858,-0.024012716409663463,0.33080650057005734,0.0,True,next_open_gap_checked,0.0,WATCH_ONLY,Selected calibration strategy passed; no current names met all gates.
ALK,2026-09-16,41.1,41.1,38.881,39.68,39.68,2536403.0,-0.0057629666750187,-0.0359572400388725,-0.0168483647175421,-0.0248218235438681,-0.0643716104692289,-0.1868852459016393,0.0173854505718807,0.0206967464810477,0.0277943898480983,1.0891756810512276,0.9186116054074543,0.0298170884490103,0.0539902676399027,60.63,33.03,-0.3455385122876464,0.2013321223130486,100644471.04,95760891.1965,39.68,40.7,,,,,,,,0,,0,0,0,0,0,0,56.0,1982.0,0.0,1.0,1,8.0,0,0,0,0,0.0,0.0,0.0,0.0,0,0,0,0,0.0,0.0,0.0,0.0,0,0,0,0,0.0,0.0,0.0,0.0,0,0,0,0,0.0,0.0,0.0,0.0,0,0,0,0,0.0,0.0,0.0,0.0,0,0,0,0,0.0,0.0,0.0,0.0,0,0,0,1,0.0,0.0,0.0,1.0,0,0,0,1,0.0,0.0,0.0,1.0,0,0,0,0,0.0,0.0,0.0,0.0,0,0,0,1,10000.0,0.02570564516129048,0.00010442676415239432,,False,2026-10-16,0.012767415032539878,-0.016560249885306494,0.4284549402286293,0.0,True,next_open_gap_checked,0.0,WATCH_ONLY,Selected calibration strategy passed; no current names met all gates.
ALLY,2026-09-16,41.46,41.62,39.985,40.31,40.31,5600376.0,-0.0305435305435304,-0.0418350368433562,-0.0363375567774323,-0.0367980884109916,-0.0760944304377722,-0.1154268158876453,0.0143348492002969,0.0145165297209979,0.0150502085495127,1.7229991888449077,1.852601545603296,-0.0028860028860028,0.0394356005788711,47.29,35.92,-0.1475999154155212,0.1222160356347439,225751156.56,137142605.0605,40.31,40.9,,,,,,,,0,,0,0,0,0,0,0,0.0,2400.9583333333335,1.0,1.0,1,8.0,0,0,0,0,0.0,0.0,0.0,0.0,0,0,0,0,0.0,0.0,0.0,0.0,0,0,0,0,0.0,0.0,0.0,0.0,0,0,0,0,0.0,0.0,0.0,0.0,0,0,0,0,0.0,0.0,0.0,0.0,0,0,0,0,0.0,0.0,0.0,0.0,0,0,0,1,0.0,0.0,0.0,8.0,0,0,0,0,0.0,0.0,0.0,0.0,0,0,0,0,0.0,0.0,0.0,0.0,0,0,0,1,10000.0,0.014636566608781765,7.2916800695076e-05,,False,2026-10-16,0.013354231399840861,-0.02465291489136744,0.32326314793113237,0.0,True,next_open_gap_checked,0.0,WATCH_ONLY,Selected calibration strategy passed; no current names met all gates.
AM,2026-09-16,21.36,21.485,21.03,21.16,21.16,2125136.0,-0.0079699953117673,-0.040797824116047,-0.0735551663747811,-0.0587188612099643,-0.0674305861613046,-0.0315789473684211,0.007184164359956,0.0121458148586607,0.0149661748062017,1.0288059079985412,0.9491929104874348,0.0014064697609001,0.0213014981273407,23.835,16.96,-0.1122299139920285,0.2476415094339621,44967877.76,45946394.297,21.16,21.08,,,,,,,,0,,0,0,0,0,0,0,48.0,1601.0,0.0,1.0,1,8.0,0,0,0,0,0.0,0.0,0.0,0.0,0,0,0,0,0.0,0.0,0.0,0.0,0,0,0,0,0.0,0.0,0.0,0.0,0,0,0,0,0.0,0.0,0.0,0.0,0,0,0,0,0.0,0.0,0.0,0.0,0,0,0,0,0.0,0.0,0.0,0.0,0,0,0,1,0.0,0.0,0.0,1.0,0,0,0,1,0.0,0.0,0.0,1.0,0,0,0,0,0.0,0.0,0.0,0.0,0,0,0,1,10000.0,-0.003780718336483968,0.00021764493499445146,,False,2026-10-16,0.015937807489924547,-0.02401680007747237,0.3346765406173996,0.0,True,next_open_gap_checked,0.0,WATCH_ONLY,Selected calibration strategy passed; no current names met all gates.
AMR,2026-09-16,191.45,197.99,187.845,189.49,189.49,335800.0,0.004612448308769,-0.0951243971157059,-0.1650215916101172,-0.1881667452122873,0.1183309726156751,0.0822434176709121,0.0232073926181537,0.0496239979408341,0.0361178111073201,0.9127330197478404,1.0847016421751896,0.0150037111653058,0.0529903369025855,253.82,133.64,-0.2534473248758963,0.4179137982639931,63630742.0,78280934.26699999,189.49,192.84,,,,,,,,0,,0,0,0,0,0,0,40.0,2590.0,0.0,1.0,1,8.0,0,0,0,0,0.0,0.0,0.0,0.0,0,0,0,1,0.0,0.0,0.0,4.0,0,0,0,1,0.0,0.0,0.0,1.0,0,0,0,0,0.0,0.0,0.0,0.0,0,0,0,0,0.0,0.0,0.0,0.0,0,0,0,0,0.0,0.0,0.0,0.0,0,0,0,1,0.0,0.0,0.0,168.0,0,0,0,0,0.0,0.0,0.0,0.0,0,0,0,0,0.0,0.0,0.0,0.0,0,0,0,1,10000.0,0.017679033194363702,0.0001277450262140725,,False,2026-10-16,0.009399376525803117,-0.006765665328917485,0.4369853661234216,0.0,True,next_open_gap_checked,0.0,WATCH_ONLY,Selected calibration strategy passed; no current names met all gates.
AMRN,2026-09-16,13.97,14.08,13.78,13.84,13.84,45088.0,-0.0064608758076094,0.0028985507246375,-0.0382209867963864,-0.0003611412062116,-0.0205237084217976,-0.1246046805819102,0.0147130414172628,0.0175998873682712,0.0162121001048956,0.5382661664592417,0.6235468885234301,0.0028715003589376,0.0214745884037223,20.9,12.96,-0.3377990430622009,0.067901234567901,624017.92,1177791.8345,13.84,13.92,,,,,,,,0,,0,0,0,0,0,0,48.0,1248.0,0.0,1.0,1,8.0,0,0,0,0,0.0,0.0,0.0,0.0,0,0,0,0,0.0,0.0,0.0,0.0,0,0,0,1,0.0,0.0,0.0,1.0,0,0,0,0,0.0,0.0,0.0,0.0,0,0,0,0,0.0,0.0,0.0,0.0,0,0,0,0,0.0,0.0,0.0,0.0,0,0,0,1,0.0,0.0,0.0,1.0,0,0,0,0,0.0,0.0,0.0,0.0,0,0,0,0,0.0,0.0,0.0,0.0,0,0,0,1,10000.0,0.005780346820809301,0.008490464704440094,,False,2026-10-16,0.01717534321079621,-0.025773301442386865,0.3183863976966314,0.0,True,next_open_gap_checked,0.0,WATCH_ONLY,Selected calibration strategy passed; no current names met all gates.
AMTM,2026-09-16,20.09,20.4,19.65,19.88,19.88,1369548.0,-0.012909632571996,0.0215827338129495,0.0295183842568618,-0.0055027513756877,-0.0510739856801909,-0.0560303893637227,0.0141694524246477,0.0231017042156029,0.0285112261890089,0.7439948761491588,0.6700078587202307,-0.0024826216484608,0.0373320059731209,38.11,19.21,-0.4783521385463133,0.0348776678813116,27226614.24,37266794.465,19.88,20.11,,,,,,,,0,,0,0,0,0,0,0,36.0,267.9583333333333,0.0,1.0,1,8.0,0,0,0,0,0.0,0.0,0.0,0.0,0,0,0,0,0.0,0.0,0.0,0.0,0,0,0,1,0.0,0.0,0.0,6.0,0,0,0,0,0.0,0.0,0.0,0.0,0,0,0,0,0.0,0.0,0.0,0.0,0,0,0,0,0.0,0.0,0.0,0.0,0,0,0,1,0.0,0.0,0.0,3.0,0,0,0,1,0.0,0.0,0.0,7.0,0,0,0,0,0.0,0.0,0.0,0.0,0,0,0,1,10000.0,0.0115694164989939,0.00026833539464714995,,False,2026-10-16,0.014483501216730154,-0.016560249885306494,0.4133648972401297,0.0,True,next_open_gap_checked,0.0,WATCH_ONLY,Selected calibration strategy passed; no current names met all gates.
ANDG,2026-09-16,54.75,55.99,54.24,55.01,55.01,286109.0,0.0147574248293671,0.025349487418453,0.0095430354193428,-0.0127422828427853,0.2024043715846994,0.5310325633175619,0.0352428076367573,0.0375986200693716,0.0357312520369811,0.5033925585401969,0.6176142089829064,0.0099612617598228,0.0319634703196347,57.62,18.12,-0.0452967719541825,2.0358719646799113,15738856.09,29827734.43649999,55.01,55.42,,,,,,,,0,,0,0,0,0,0,0,34.0,78.0,0.0,3.0,6,8.0,0,0,0,0,0.0,0.0,0.0,0.0,0,0,0,0,0.0,0.0,0.0,0.0,0,1,1,1,0.0,1.0,1.0,1.0,0,0,0,0,0.0,0.0,0.0,0.0,0,0,0,0,0.0,0.0,0.0,0.0,0,0,0,0,0.0,0.0,0.0,0.0,0,1,1,1,0.0,3.0,6.0,7.0,0,0,1,1,0.0,0.0,2.0,2.0,0,0,0,0,0.0,0.0,0.0,0.0,0,1,1,1,10000.0,0.007453190329031134,0.00033525844952418074,,False,2026-10-16,0.021077841731404295,-0.0009228301227863752,0.48017798873056783,0.0,True,next_open_gap_checked,0.0,WATCH_ONLY,Selected calibration strategy passed; no current names met all gates.
APA,2026-09-16,46.44,46.66,44.18,44.79,44.79,9157574.0,-0.0552626028264079,0.0013413816230718,-0.0011150758251562,0.0110609480812642,0.0572406467602972,0.3096491228070175,0.0385995826074479,0.026278809355465,0.0270328982751431,1.6926728522708163,1.6831661154726376,-0.02045981860367,0.053402239448751,47.44,21.63,-0.0558600337268128,1.0707350901525658,410167739.46,237622115.932,44.79,44.63,,,,,,,,0,,0,0,0,0,0,0,41.0,404.0,0.0,1.0,1,8.0,0,0,0,0,0.0,0.0,0.0,0.0,0,0,0,1,0.0,0.0,0.0,9.0,0,0,0,1,0.0,0.0,0.0,2.0,0,0,0,0,0.0,0.0,0.0,0.0,0,0,0,0,0.0,0.0,0.0,0.0,0,0,0,1,0.0,0.0,0.0,1.0,0,0,0,1,0.0,0.0,0.0,12.0,0,0,0,1,0.0,0.0,0.0,3.0,0,0,0,1,0.0,0.0,0.0,2.0,0,0,0,1,10000.0,-0.0035722259432908743,4.208362492177153e-05,,False,2026-10-16,0.010283933171200542,-0.017520418510060934,0.4045989215729407,0.0,True,next_open_gap_checked,0.0,WATCH_ONLY,Selected calibration strategy passed; no current names met all gates.
APP,2026-09-16,333.58,336.44,322.01,326.56,326.56,3517124.0,-0.0147830809147407,0.0080256821829856,0.0704779387661442,0.0475396163469556,0.0628132526199309,-0.3042885447069601,0.0233803382166191,0.0214970692655111,0.0430647419550708,0.7900943586960331,0.6088783521427754,0.006395945212092,0.0432579890880748,745.61,297.5,-0.5620230415364601,0.0976806722689076,1148552013.44,1403101941.8705,326.56,331.86,,,,,,,,0,,0,0,0,0,0,0,41.0,875.0,0.0,1.0,1,8.0,0,0,0,0,0.0,0.0,0.0,0.0,0,0,0,0,0.0,0.0,0.0,0.0,0,0,0,1,0.0,0.0,0.0,5.0,0,0,0,0,0.0,0.0,0.0,0.0,0,0,0,0,0.0,0.0,0.0,0.0,0,0,0,0,0.0,0.0,0.0,0.0,0,0,0,1,0.0,0.0,0.0,3.0,0,0,0,1,0.0,0.0,0.0,1.0,0,0,0,0,0.0,0.0,0.0,0.0,0,0,0,1,10000.0,0.016229789318961352,7.127065897057218e-06,,False,2026-10-16,0.00706761816404637,-0.01047232075579381,0.4229391381042094,0.0,True,next_open_gap_checked,0.0,WATCH_ONLY,Selected calibration strategy passed; no current names met all gates.
APPS,2026-09-16,11.3,11.4,10.62,10.84,10.84,2211164.0,-0.0474516695957821,-0.0821337849280271,-0.0198915009041591,0.084,-0.1056105610561055,0.1718918918918919,0.0435699574813701,0.0469868310468632,0.0760708672018321,0.8744831820901411,0.6043761872433758,-0.0070298769771529,0.0690265486725664,15.335,2.74,-0.2931203130094555,2.9562043795620436,23969017.76,27858938.37375,10.84,11.0,,,,,,,,0,,0,0,0,0,0,0,7.0,1843.0,1.0,1.0,1,8.0,0,0,0,0,0.0,0.0,0.0,0.0,0,0,0,0,0.0,0.0,0.0,0.0,0,0,0,0,0.0,0.0,0.0,0.0,0,0,0,0,0.0,0.0,0.0,0.0,0,0,0,0,0.0,0.0,0.0,0.0,0,0,0,0,0.0,0.0,0.0,0.0,0,0,0,1,0.0,0.0,0.0,6.0,0,0,0,0,0.0,0.0,0.0,0.0,0,0,0,0,0.0,0.0,0.0,0.0,0,0,0,1,10000.0,0.014760147601476037,0.00035895122297346655,,False,2026-10-16,0.01835373894119491,-0.008425494330112287,0.39695536199380493,0.0,True,next_open_gap_checked,0.0,WATCH_ONLY,Selected calibration strategy passed; no current names met all gates.
AQN,2026-09-16,5.33,5.34,5.285,5.32,5.32,3622244.0,0.0075757575757575,0.0018832391713747,-0.0483005366726295,-0.0600706713780918,-0.081174438687392,-0.0921501706484642,0.0167233358435127,0.0111631213206962,0.0155649341097394,0.9173952728782798,0.9416612964854588,0.009469696969697,0.0103189493433395,7.105,5.235,-0.2512315270935961,0.0162368672397326,19270338.08,21931394.1075,5.32,5.36,,,,,,,,0,,0,0,0,0,0,0,,,0.0,0.0,0,0.0,0,0,0,0,0.0,0.0,0.0,0.0,0,0,0,0,0.0,0.0,0.0,0.0,0,0,0,0,0.0,0.0,0.0,0.0,0,0,0,0,0.0,0.0,0.0,0.0,0,0,0,0,0.0,0.0,0.0,0.0,0,0,0,0,0.0,0.0,0.0,0.0,0,0,0,0,0.0,0.0,0.0,0.0,0,0,0,0,0.0,0.0,0.0,0.0,0,0,0,0,0.0,0.0,0.0,0.0,0,0,0,0,10000.0,0.007518796992481258,0.00045596736582195855,,False,2026-10-16,0.004115181018112375,-0.023867942112306383,0.36839220119841104,0.0,True,next_open_gap_checked,0.0,WATCH_ONLY,Selected calibration strategy passed; no current names met all gates.
ARES,2026-09-16,127.96,128.61,121.29,124.21,124.21,1802097.0,-0.0378776142525174,-0.0564418109996961,-0.0756121157996577,-0.1069810913796822,-0.1147459197491269,-0.0134233518665608,0.0188003635517982,0.0176626128790672,0.025890158206262,0.9662590268574184,0.8246099917934673,-0.008830364058869,0.0572053766802126,186.85,95.8,-0.3352421728659353,0.2965553235908142,223838468.36999995,257349609.5525,124.21,125.92,,,,,,,,0,,0,0,0,0,0,0,47.0,517.0,0.0,1.0,1,8.0,0,0,0,0,0.0,0.0,0.0,0.0,0,0,0,0,0.0,0.0,0.0,0.0,0,0,0,0,0.0,0.0,0.0,0.0,0,0,0,0,0.0,0.0,0.0,0.0,0,0,0,0,0.0,0.0,0.0,0.0,0,0,0,1,0.0,0.0,0.0,2.0,0,0,0,1,0.0,0.0,0.0,4.0,0,0,0,1,0.0,0.0,0.0,11.0,0,0,0,0,0.0,0.0,0.0,0.0,0,0,0,1,10000.0,0.01376700748731996,3.8857645898079254e-05,,False,2026-10-16,0.006941046227070337,-0.01566102652681787,0.44497163755818747,0.0,True,next_open_gap_checked,0.0,WATCH_ONLY,Selected calibration strategy passed; no current names met all gates.
ARIS,2026-09-16,18.86,18.93,17.85,18.23,18.23,1322228.0,-0.017780172413793,-0.0670419651995904,-0.0943864878291107,-0.0339162692103869,0.0363843092666287,0.1088807785888077,0.0207709408751589,0.0400547964942868,0.0410019459783453,0.9499788393138212,0.9447090187078004,0.0161637931034484,0.0572640509013784,23.29,8.75,-0.2172606268784885,1.0834285714285716,24104216.44,27715149.595000006,18.23,19.02,,,,,,,,0,,0,0,0,0,0,0,,,0.0,0.0,0,0.0,0,0,0,0,0.0,0.0,0.0,0.0,0,0,0,0,0.0,0.0,0.0,0.0,0,0,0,0,0.0,0.0,0.0,0.0,0,0,0,0,0.0,0.0,0.0,0.0,0,0,0,0,0.0,0.0,0.0,0.0,0,0,0,0,0.0,0.0,0.0,0.0,0,0,0,0,0.0,0.0,0.0,0.0,0,0,0,0,0.0,0.0,0.0,0.0,0,0,0,0,0.0,0.0,0.0,0.0,0,0,0,0,10000.0,0.04333516182117392,0.00036081349536731583,,False,2026-10-16,0.004115181018112375,-0.01064499605533126,0.4307519848845466,0.0,True,next_open_gap_checked,0.0,WATCH_ONLY,Selected calibration strategy passed; no current names met all gates.
ARLO,2026-09-16,13.62,13.85,13.3,13.4,13.4,1062832.0,-0.0088757396449703,0.0159211523881728,0.0205635948210205,0.0660302307080349,0.0014947683109118,0.0136157337367623,0.0248431284142768,0.0293084370955807,0.0287156599326563,0.8746190526584147,0.8364755313088843,0.0073964497041418,0.0403817914831129,19.94,11.05,-0.3279839518555667,0.2126696832579184,14241948.8,16164243.8995,13.4,13.62,,,,,,,,0,,0,0,0,0,0,0,40.0,506.0,0.0,1.0,1,8.0,0,0,0,0,0.0,0.0,0.0,0.0,0,0,0,0,0.0,0.0,0.0,0.0,0,0,0,1,0.0,0.0,0.0,5.0,0,0,0,0,0.0,0.0,0.0,0.0,0,0,0,0,0.0,0.0,0.0,0.0,0,0,0,0,0.0,0.0,0.0,0.0,0,0,0,1,0.0,0.0,0.0,3.0,0,0,0,1,0.0,0.0,0.0,2.0,0,0,0,0,0.0,0.0,0.0,0.0,0,0,0,1,10000.0,0.016417910447761086,0.0006186494129991026,,False,2026-10-16,0.026211983861717247,-0.016560249885306494,0.4083630981049404,0.0,True,next_open_gap_checked,0.0,WATCH_ONLY,Selected calibration strategy passed; no current names met all gates.
ARQQ,2026-09-16,18.21,19.33,18.08,19.01,19.01,489385.0,0.040503557744937,-0.051870324189526,-0.1215341959334564,0.0058201058201059,-0.1351228389444949,-0.1125116713352007,0.1147127294276906,0.0655218611823427,0.0865472697385962,1.385130225053766,0.983867054457893,-0.0032840722495893,0.0686436024162548,62.0,11.52,-0.6933870967741935,0.6501736111111114,9303208.85,6886659.911,19.01,19.59,,,,,,,,0,,0,0,0,0,0,0,,,0.0,0.0,0,0.0,0,0,0,0,0.0,0.0,0.0,0.0,0,0,0,0,0.0,0.0,0.0,0.0,0,0,0,0,0.0,0.0,0.0,0.0,0,0,0,0,0.0,0.0,0.0,0.0,0,0,0,0,0.0,0.0,0.0,0.0,0,0,0,0,0.0,0.0,0.0,0.0,0,0,0,0,0.0,0.0,0.0,0.0,0,0,0,0,0.0,0.0,0.0,0.0,0,0,0,0,0.0,0.0,0.0,0.0,0,0,0,0,10000.0,0.030510257759074122,0.001452082741014565,,False,2026-10-16,0.004115181018112375,-0.012681868927454393,0.4272947941048503,0.0,True,next_open_gap_checked,0.0,WATCH_ONLY,Selected calibration strategy passed; no current names met all gates.
AUDC,2026-09-16,9.8,10.03,9.8,9.98,9.98,82791.0,0.0131979695431472,0.0385015608740895,0.025693730729702,-0.0010010010010009,0.017329255861366,0.1015452538631347,0.0490751749183561,0.0261639129058725,0.0220763526368531,0.8571885610867599,0.7742716838732756,-0.0050761421319796,0.0234693877551019,10.86,6.95,-0.0810313075506444,0.4359712230215828,826254.18,948716.5525,9.98,9.98,,,,,,,,0,,0,0,0,0,0,0,3744.0,3744.0,0.0,0.0,0,1.0,0,0,0,0,0.0,0.0,0.0,0.0,0,0,0,0,0.0,0.0,0.0,0.0,0,0,0,0,0.0,0.0,0.0,0.0,0,0,0,0,0.0,0.0,0.0,0.0,0,0,0,0,0.0,0.0,0.0,0.0,0,0,0,0,0.0,0.0,0.0,0.0,0,0,0,1,0.0,0.0,0.0,4.0,0,0,0,0,0.0,0.0,0.0,0.0,0,0,0,0,0.0,0.0,0.0,0.0,0,0,0,1,10000.0,0.0,0.010540556052962932,,False,2026-10-16,0.004115181018112375,-0.021091915990190786,0.35915688066994506,0.0,True,next_open_gap_checked,0.0,WATCH_ONLY,Selected calibration strategy passed; no current names met all gates.
AUGO,2026-09-16,87.2,88.95,84.355,85.96,85.96,933416.0,0.0022152267692665,-0.0128617363344052,0.0075011720581341,0.087481814156493,0.127492130115425,0.3171927673919703,0.0091013251706311,0.0385535201390231,0.0495843435468078,0.8872490598686087,0.9387626916180208,0.0166724962107964,0.0526949541284403,110.321,29.11,-0.2208192456558588,1.9529371350051528,80236439.36,90231371.459,85.96,91.265,,,,,,,,0,,0,0,0,0,0,0,,,0.0,0.0,0,0.0,0,0,0,0,0.0,0.0,0.0,0.0,0,0,0,0,0.0,0.0,0.0,0.0,0,0,0,0,0.0,0.0,0.0,0.0,0,0,0,0,0.0,0.0,0.0,0.0,0,0,0,0,0.0,0.0,0.0,0.0,0,0,0,0,0.0,0.0,0.0,0.0,0,0,0,0,0.0,0.0,0.0,0.0,0,0,0,0,0.0,0.0,0.0,0.0,0,0,0,0,0.0,0.0,0.0,0.0,0,0,0,0,10000.0,0.06171475104699864,0.00011082619978289783,,False,2026-10-16,0.004115181018112375,-0.011801850214737434,0.42663983657086785,0.0,True,next_open_gap_checked,0.0,WATCH_ONLY,Selected calibration strategy passed; no current names met all gates.
