ticker,cik,company_name,exchange,event_type,seed_event_date,label_quality,announcement_url,cik_source,acquirer,acquirer_name,announcement_ts,announcement_source
AEMD,0000882291,Aethlon Medical Inc,Nasdaq,MERGER,2026-09-17,audited_sec_8k_first_public_announcement,https://www.sec.gov/Archives/edgar/data/882291/000168316826007206/0001683168-26-007206-index.htm,manual_sec_8k,NRTX,North Immunology,2026-09-17 12:00:00+00:00,audited_sec_8k_first_public_announcement
LPSN,0001102993,Liveperson Inc,Nasdaq,ACQUISITION,2026-09-03,provisional_stockanalysis_action_date_not_first_announcement,https://stockanalysis.com/actions/acquisitions/,sec_company_tickers_exchange,SOUN,Soundhound Ai Inc,2026-09-03 12:00:00+00:00,provisional_stockanalysis_action_date_not_first_announcement
APGE,0001974640,Apogee Therapeutics Inc,,ACQUISITION,2026-09-02,provisional_stockanalysis_action_date_not_first_announcement,https://stockanalysis.com/actions/acquisitions/2026/,stockanalysis_company_page,ABBV,Abbvie Inc,2026-09-02 12:00:00+00:00,provisional_stockanalysis_action_date_not_first_announcement
CRNX,0001658247,Crinetics Pharmaceuticals Inc,,ACQUISITION,2026-09-01,provisional_stockanalysis_action_date_not_first_announcement,https://stockanalysis.com/actions/acquisitions/,stockanalysis_company_page,VRTX,Vertex Pharmaceuticals Inc,2026-09-01 12:00:00+00:00,provisional_stockanalysis_action_date_not_first_announcement
NCSM,0001692427,Ncs Multistage Holdings Inc,,ACQUISITION,2026-08-31,provisional_stockanalysis_action_date_not_first_announcement,https://stockanalysis.com/actions/acquisitions/,stockanalysis_company_page,WFRD,Weatherford International PLC,2026-08-31 12:00:00+00:00,provisional_stockanalysis_action_date_not_first_announcement
FBRX,0001419041,Forte Biosciences Inc,,ACQUISITION,2026-08-27,provisional_stockanalysis_action_date_not_first_announcement,https://stockanalysis.com/actions/acquisitions/,stockanalysis_company_page,ARGX,Argenx Se,2026-08-27 12:00:00+00:00,provisional_stockanalysis_action_date_not_first_announcement
ALOT,0000008146,Astronova Inc,,ACQUISITION,2026-08-27,provisional_stockanalysis_action_date_not_first_announcement,https://stockanalysis.com/actions/acquisitions/,stockanalysis_company_page,-,Arcline Investment Management,2026-08-27 12:00:00+00:00,provisional_stockanalysis_action_date_not_first_announcement
LEG,0000058492,Leggett & Platt Inc,,ACQUISITION,2026-08-26,provisional_stockanalysis_action_date_not_first_announcement,https://stockanalysis.com/actions/acquisitions/,stockanalysis_company_page,SGI,Somnigroup International Inc,2026-08-26 12:00:00+00:00,provisional_stockanalysis_action_date_not_first_announcement
TWO,0001465740,Two Harbors Investment Corp,,ACQUISITION,2026-08-24,provisional_stockanalysis_action_date_not_first_announcement,https://stockanalysis.com/actions/acquisitions/2026/,stockanalysis_company_page,-,Crosscountry Mortgage LLC,2026-08-24 12:00:00+00:00,provisional_stockanalysis_action_date_not_first_announcement
WBS,0000801337,Webster Financial Corp,,ACQUISITION,2026-08-19,provisional_stockanalysis_action_date_not_first_announcement,https://stockanalysis.com/actions/acquisitions/,stockanalysis_company_page,SAN,Banco Santander SA,2026-08-19 12:00:00+00:00,provisional_stockanalysis_action_date_not_first_announcement
LBRDA,0001611983,Liberty Broadband Corp,,ACQUISITION,2026-08-19,provisional_stockanalysis_action_date_not_first_announcement,https://stockanalysis.com/actions/acquisitions/2026/,stockanalysis_company_page,CHTR,Charter Communications Inc,2026-08-19 12:00:00+00:00,provisional_stockanalysis_action_date_not_first_announcement
TALK,0001803901,Talkspace Inc,,ACQUISITION,2026-08-14,provisional_stockanalysis_action_date_not_first_announcement,https://stockanalysis.com/actions/acquisitions/,stockanalysis_company_page,UHS,Universal Health Services Inc,2026-08-14 12:00:00+00:00,provisional_stockanalysis_action_date_not_first_announcement
AVB,0000915912,Avalonbay Communities Inc,,ACQUISITION,2026-08-14,provisional_stockanalysis_action_date_not_first_announcement,https://stockanalysis.com/actions/acquisitions/2026/,stockanalysis_company_page,VMRK,Vivmark Residential,2026-08-14 12:00:00+00:00,provisional_stockanalysis_action_date_not_first_announcement
MDV,0001645873,Modiv Industrial Inc,,ACQUISITION,2026-08-12,provisional_stockanalysis_action_date_not_first_announcement,https://stockanalysis.com/actions/acquisitions/2026/,stockanalysis_company_page,GNL,Global Net Lease Inc,2026-08-12 12:00:00+00:00,provisional_stockanalysis_action_date_not_first_announcement
ELSE,0000351789,Electro Sensors Inc,,ACQUISITION,2026-08-05,provisional_stockanalysis_action_date_not_first_announcement,https://stockanalysis.com/actions/acquisitions/,stockanalysis_company_page,-,Steute Industrial Controls Inc.,2026-08-05 12:00:00+00:00,provisional_stockanalysis_action_date_not_first_announcement
EA,0000712515,Electronic Arts Inc,,ACQUISITION,2026-08-04,provisional_stockanalysis_action_date_not_first_announcement,https://stockanalysis.com/actions/acquisitions/,stockanalysis_company_page,-,Silver Lake Partners Lp,2026-08-04 12:00:00+00:00,provisional_stockanalysis_action_date_not_first_announcement
ORLA,0001680056,Orla Mining Ltd.,,ACQUISITION,2026-07-31,provisional_stockanalysis_action_date_not_first_announcement,https://stockanalysis.com/actions/acquisitions/2026/,stockanalysis_company_page,EQX,Equinox Gold Corp,2026-07-31 12:00:00+00:00,provisional_stockanalysis_action_date_not_first_announcement
AFBI,0001823406,Affinity Bancshares Inc,,ACQUISITION,2026-07-31,provisional_stockanalysis_action_date_not_first_announcement,https://stockanalysis.com/actions/acquisitions/2026/,stockanalysis_company_page,-,Fidelity Bancshares Nc Inc,2026-07-31 12:00:00+00:00,provisional_stockanalysis_action_date_not_first_announcement
LPRO,0001806201,Open Lending Corp,,ACQUISITION,2026-07-30,provisional_stockanalysis_action_date_not_first_announcement,https://stockanalysis.com/actions/acquisitions/2026/,stockanalysis_company_page,-,Anv Group Holdings Ltd.,2026-07-30 12:00:00+00:00,provisional_stockanalysis_action_date_not_first_announcement
SKYT,0001819974,Skywater Technology Inc,,ACQUISITION,2026-07-30,provisional_stockanalysis_action_date_not_first_announcement,https://stockanalysis.com/actions/acquisitions/2026/,stockanalysis_company_page,IONQ,Ionq Inc,2026-07-30 12:00:00+00:00,provisional_stockanalysis_action_date_not_first_announcement
AVNS,0001606498,Avanos Medical Inc,,ACQUISITION,2026-07-24,provisional_stockanalysis_action_date_not_first_announcement,https://stockanalysis.com/actions/acquisitions/2026/,stockanalysis_company_page,-,American Industrial Partners Corp,2026-07-24 12:00:00+00:00,provisional_stockanalysis_action_date_not_first_announcement
TMHC,0001562476,Taylor Morrison Home Corp,,ACQUISITION,2026-07-23,provisional_stockanalysis_action_date_not_first_announcement,https://stockanalysis.com/actions/acquisitions/2026/,stockanalysis_company_page,BRK.B,Berkshire Hathaway Inc,2026-07-23 12:00:00+00:00,provisional_stockanalysis_action_date_not_first_announcement
NSA,0001618563,National Storage Affiliates Trust,,ACQUISITION,2026-07-21,provisional_stockanalysis_action_date_not_first_announcement,https://stockanalysis.com/actions/acquisitions/2026/,stockanalysis_company_page,PSA,Public Storage,2026-07-21 12:00:00+00:00,provisional_stockanalysis_action_date_not_first_announcement
KORE,0001855457,Kore Group Holdings Inc,,ACQUISITION,2026-07-21,provisional_stockanalysis_action_date_not_first_announcement,https://stockanalysis.com/actions/acquisitions/2026/,stockanalysis_company_page,-,Abry Partners LLC,2026-07-21 12:00:00+00:00,provisional_stockanalysis_action_date_not_first_announcement
CCRN,0001141103,Cross Country Healthcare Inc,,ACQUISITION,2026-07-21,provisional_stockanalysis_action_date_not_first_announcement,https://stockanalysis.com/actions/acquisitions/2026/,stockanalysis_company_page,-,Knox Lane Lp,2026-07-21 12:00:00+00:00,provisional_stockanalysis_action_date_not_first_announcement
NFBK,0001493225,Northfield Bancorp Inc,,ACQUISITION,2026-07-20,provisional_stockanalysis_action_date_not_first_announcement,https://stockanalysis.com/actions/acquisitions/,stockanalysis_company_page,CLBK,Columbia Financial Inc,2026-07-20 12:00:00+00:00,provisional_stockanalysis_action_date_not_first_announcement
CPRX,0001369568,Catalyst Pharmaceuticals Inc,,ACQUISITION,2026-07-15,provisional_stockanalysis_action_date_not_first_announcement,https://stockanalysis.com/actions/acquisitions/,stockanalysis_company_page,-,Angelini Pharma SpA,2026-07-15 12:00:00+00:00,provisional_stockanalysis_action_date_not_first_announcement
NUVL,0001861560,Nuvalent Inc,,ACQUISITION,2026-07-15,provisional_stockanalysis_action_date_not_first_announcement,https://stockanalysis.com/actions/acquisitions/2026/,stockanalysis_company_page,GSK,Gsk PLC,2026-07-15 12:00:00+00:00,provisional_stockanalysis_action_date_not_first_announcement
GTLS,0000892553,Chart Industries Inc,,ACQUISITION,2026-07-15,provisional_stockanalysis_action_date_not_first_announcement,https://stockanalysis.com/actions/acquisitions/2026/,stockanalysis_company_page,BKR,Baker Hughes Co.,2026-07-15 12:00:00+00:00,provisional_stockanalysis_action_date_not_first_announcement
ESPR,0001434868,Esperion Therapeutics Inc,,ACQUISITION,2026-07-13,provisional_stockanalysis_action_date_not_first_announcement,https://stockanalysis.com/actions/acquisitions/,stockanalysis_company_page,-,Archimed,2026-07-13 12:00:00+00:00,provisional_stockanalysis_action_date_not_first_announcement
XOMA,0000791908,Xoma Royalty Corp,,ACQUISITION,2026-07-13,provisional_stockanalysis_action_date_not_first_announcement,https://stockanalysis.com/actions/acquisitions/,stockanalysis_company_page,LGND,Ligand Pharmaceuticals Inc,2026-07-13 12:00:00+00:00,provisional_stockanalysis_action_date_not_first_announcement
WSR,0001175535,Whitestone Reit,,ACQUISITION,2026-07-13,provisional_stockanalysis_action_date_not_first_announcement,https://stockanalysis.com/actions/acquisitions/2026/,stockanalysis_company_page,ARES,Ares Management Corp,2026-07-13 12:00:00+00:00,provisional_stockanalysis_action_date_not_first_announcement
EEX,0001579214,Emerald Holding Inc,,ACQUISITION,2026-07-13,provisional_stockanalysis_action_date_not_first_announcement,https://stockanalysis.com/actions/acquisitions/,stockanalysis_company_page,APO,Apollo Global Management Inc,2026-07-13 12:00:00+00:00,provisional_stockanalysis_action_date_not_first_announcement
TBRG,0001169445,Trubridge Inc,,ACQUISITION,2026-07-08,provisional_stockanalysis_action_date_not_first_announcement,https://stockanalysis.com/actions/acquisitions/2026/,stockanalysis_company_page,-,Iks Health,2026-07-08 12:00:00+00:00,provisional_stockanalysis_action_date_not_first_announcement
OLPX,0001868726,Olaplex Holdings Inc,,ACQUISITION,2026-07-07,provisional_stockanalysis_action_date_not_first_announcement,https://stockanalysis.com/actions/acquisitions/2026/,stockanalysis_company_page,HENKY,Henkel Ag & Co Kgaa,2026-07-07 12:00:00+00:00,provisional_stockanalysis_action_date_not_first_announcement
BLD,0001633931,Topbuild Corp,,ACQUISITION,2026-06-30,provisional_stockanalysis_action_date_not_first_announcement,https://stockanalysis.com/actions/acquisitions/2026/,stockanalysis_company_page,QXO,Qxo Inc,2026-06-30 12:00:00+00:00,provisional_stockanalysis_action_date_not_first_announcement
STEL,0001473844,Stellar Bancorp Inc,,ACQUISITION,2026-06-30,provisional_stockanalysis_action_date_not_first_announcement,https://stockanalysis.com/actions/acquisitions/2026/,stockanalysis_company_page,PB,Prosperity Bancshares Inc,2026-06-30 12:00:00+00:00,provisional_stockanalysis_action_date_not_first_announcement
JHG,0001274173,Janus Henderson Group PLC,,ACQUISITION,2026-06-30,provisional_stockanalysis_action_date_not_first_announcement,https://stockanalysis.com/actions/acquisitions/,stockanalysis_company_page,-,Trian Fund Management Lp,2026-06-30 12:00:00+00:00,provisional_stockanalysis_action_date_not_first_announcement
SEM,0001320414,Select Medical Holdings Corp,,ACQUISITION,2026-06-30,provisional_stockanalysis_action_date_not_first_announcement,https://stockanalysis.com/actions/acquisitions/2026/,stockanalysis_company_page,-,Welsh Carson Anderson & Stowe,2026-06-30 12:00:00+00:00,provisional_stockanalysis_action_date_not_first_announcement
SILA,0001567925,Sila Realty Trust Inc,,ACQUISITION,2026-06-30,provisional_stockanalysis_action_date_not_first_announcement,https://stockanalysis.com/actions/acquisitions/,stockanalysis_company_page,OWL,Blue Owl Capital Inc,2026-06-30 12:00:00+00:00,provisional_stockanalysis_action_date_not_first_announcement
PRA,0001127703,Proassurance Corp,,ACQUISITION,2026-06-25,provisional_stockanalysis_action_date_not_first_announcement,https://stockanalysis.com/actions/acquisitions/2026/,stockanalysis_company_page,-,The Doctors Company,2026-06-25 12:00:00+00:00,provisional_stockanalysis_action_date_not_first_announcement
CWAN,0001866368,Clearwater Analytics Holdings Inc,,ACQUISITION,2026-06-24,provisional_stockanalysis_action_date_not_first_announcement,https://stockanalysis.com/actions/acquisitions/,stockanalysis_company_page,-,Permira Holdings Ltd.,2026-06-24 12:00:00+00:00,provisional_stockanalysis_action_date_not_first_announcement
CNTA,0001847903,Centessa Pharmaceuticals PLC,,ACQUISITION,2026-06-23,provisional_stockanalysis_action_date_not_first_announcement,https://stockanalysis.com/actions/acquisitions/2026/,stockanalysis_company_page,LLY,Eli Lilly & Co.,2026-06-23 12:00:00+00:00,provisional_stockanalysis_action_date_not_first_announcement
ASRT,0001005201,Assertio Holdings Inc,,ACQUISITION,2026-06-16,provisional_stockanalysis_action_date_not_first_announcement,https://stockanalysis.com/actions/acquisitions/,stockanalysis_company_page,-,Zydus Lifesciences Ltd.,2026-06-16 12:00:00+00:00,provisional_stockanalysis_action_date_not_first_announcement
KW,0001408100,Kennedy-wilson Holdings Inc,,ACQUISITION,2026-06-15,provisional_stockanalysis_action_date_not_first_announcement,https://stockanalysis.com/actions/acquisitions/2026/,stockanalysis_company_page,FRFHF,Fairfax Financial Holdings Ltd.,2026-06-15 12:00:00+00:00,provisional_stockanalysis_action_date_not_first_announcement
KALV,0001348911,Kalvista Pharmaceuticals Inc,,ACQUISITION,2026-06-12,provisional_stockanalysis_action_date_not_first_announcement,https://stockanalysis.com/actions/acquisitions/,stockanalysis_company_page,-,Chiesi Farmaceutici SpA,2026-06-12 12:00:00+00:00,provisional_stockanalysis_action_date_not_first_announcement
MASI,0000937556,Masimo Corp,,ACQUISITION,2026-06-09,provisional_stockanalysis_action_date_not_first_announcement,https://stockanalysis.com/actions/acquisitions/,stockanalysis_company_page,DHR,Danaher Corp,2026-06-09 12:00:00+00:00,provisional_stockanalysis_action_date_not_first_announcement
FONR,0000355019,Fonar Corp,,ACQUISITION,2026-06-03,provisional_stockanalysis_action_date_not_first_announcement,https://stockanalysis.com/actions/acquisitions/,stockanalysis_company_page,-,Damadian Raymond V,2026-06-03 12:00:00+00:00,provisional_stockanalysis_action_date_not_first_announcement
FFIC,0000923139,Flushing Financial Corp,,ACQUISITION,2026-06-01,provisional_stockanalysis_action_date_not_first_announcement,https://stockanalysis.com/actions/acquisitions/,stockanalysis_company_page,OCFC,Oceanfirst Financial Corp,2026-06-01 12:00:00+00:00,provisional_stockanalysis_action_date_not_first_announcement
NVRI,0002104052,Enviri Corp,NYSE,ACQUISITION,2026-05-29,provisional_stockanalysis_action_date_not_first_announcement,https://stockanalysis.com/actions/acquisitions/,sec_company_tickers_exchange,VEOEY,Veolia Environnement,2026-05-29 12:00:00+00:00,provisional_stockanalysis_action_date_not_first_announcement
THR,0001489096,Thermon Group Holdings Inc,,ACQUISITION,2026-05-29,provisional_stockanalysis_action_date_not_first_announcement,https://stockanalysis.com/actions/acquisitions/,stockanalysis_company_page,CECO,Ceco Environmental Corp,2026-05-29 12:00:00+00:00,provisional_stockanalysis_action_date_not_first_announcement
AMWD,0000794619,American Woodmark Corp,,ACQUISITION,2026-05-28,provisional_stockanalysis_action_date_not_first_announcement,https://stockanalysis.com/actions/acquisitions/,stockanalysis_company_page,MBC,Masterbrand Inc,2026-05-28 12:00:00+00:00,provisional_stockanalysis_action_date_not_first_announcement
CVGW,0001133470,Calavo Growers Inc,,ACQUISITION,2026-05-28,provisional_stockanalysis_action_date_not_first_announcement,https://stockanalysis.com/actions/acquisitions/,stockanalysis_company_page,AVO,Mission Produce Inc,2026-05-28 12:00:00+00:00,provisional_stockanalysis_action_date_not_first_announcement
VRE,0000924901,Veris Residential Inc,,ACQUISITION,2026-05-26,provisional_stockanalysis_action_date_not_first_announcement,https://stockanalysis.com/actions/acquisitions/,stockanalysis_company_page,-,Vista Hill Investments LLC,2026-05-26 12:00:00+00:00,provisional_stockanalysis_action_date_not_first_announcement
MCW,0001853513,Mister Car Wash Inc,,ACQUISITION,2026-05-19,provisional_stockanalysis_action_date_not_first_announcement,https://stockanalysis.com/actions/acquisitions/,stockanalysis_company_page,-,Leonard Green & Partners Lp,2026-05-19 12:00:00+00:00,provisional_stockanalysis_action_date_not_first_announcement
SLNO,0001484565,Soleno Therapeutics Inc,,ACQUISITION,2026-05-18,provisional_stockanalysis_action_date_not_first_announcement,https://stockanalysis.com/actions/acquisitions/,stockanalysis_company_page,NBIX,Neurocrine Biosciences Inc,2026-05-18 12:00:00+00:00,provisional_stockanalysis_action_date_not_first_announcement
APLS,0001492422,Apellis Pharmaceuticals Inc,,ACQUISITION,2026-05-15,provisional_stockanalysis_action_date_not_first_announcement,https://stockanalysis.com/actions/acquisitions/,stockanalysis_company_page,BIIB,Biogen Inc,2026-05-15 12:00:00+00:00,provisional_stockanalysis_action_date_not_first_announcement
FORA,0001829280,Forian Inc,,ACQUISITION,2026-05-14,provisional_stockanalysis_action_date_not_first_announcement,https://stockanalysis.com/actions/acquisitions/,stockanalysis_company_page,-,2025 Acquisition Company LLC,2026-05-14 12:00:00+00:00,provisional_stockanalysis_action_date_not_first_announcement
MPX,0001129155,Marine Products Corp,,ACQUISITION,2026-05-14,provisional_stockanalysis_action_date_not_first_announcement,https://stockanalysis.com/actions/acquisitions/,stockanalysis_company_page,MCFT,Mastercraft Boat Holdings Inc,2026-05-14 12:00:00+00:00,provisional_stockanalysis_action_date_not_first_announcement
EHAB,0001803737,Enhabit Inc,,ACQUISITION,2026-05-14,provisional_stockanalysis_action_date_not_first_announcement,https://stockanalysis.com/actions/acquisitions/,stockanalysis_company_page,-,Kinderhook Industries LLC,2026-05-14 12:00:00+00:00,provisional_stockanalysis_action_date_not_first_announcement
TPH,0001561680,Tri Pointe Homes Inc,,ACQUISITION,2026-05-13,provisional_stockanalysis_action_date_not_first_announcement,https://stockanalysis.com/actions/acquisitions/,stockanalysis_company_page,SMFRF,Sumitomo Forestry Co Ltd.,2026-05-13 12:00:00+00:00,provisional_stockanalysis_action_date_not_first_announcement
CSGS,0001005757,Csg Systems International Inc,,ACQUISITION,2026-05-13,provisional_stockanalysis_action_date_not_first_announcement,https://stockanalysis.com/actions/acquisitions/,stockanalysis_company_page,NECPY,Nec Corp,2026-05-13 12:00:00+00:00,provisional_stockanalysis_action_date_not_first_announcement
SNCY,0001743907,Sun Country Airlines Holdings Inc,,ACQUISITION,2026-05-12,provisional_stockanalysis_action_date_not_first_announcement,https://stockanalysis.com/actions/acquisitions/,stockanalysis_company_page,ALGT,Allegiant Travel Co.,2026-05-12 12:00:00+00:00,provisional_stockanalysis_action_date_not_first_announcement
KZR,0001645666,Kezar Life Sciences Inc,,ACQUISITION,2026-05-11,provisional_stockanalysis_action_date_not_first_announcement,https://stockanalysis.com/actions/acquisitions/,stockanalysis_company_page,AUPH,Aurinia Pharmaceuticals Inc,2026-05-11 12:00:00+00:00,provisional_stockanalysis_action_date_not_first_announcement
UDMY,0001607939,Udemy Inc,,ACQUISITION,2026-05-11,provisional_stockanalysis_action_date_not_first_announcement,https://stockanalysis.com/actions/acquisitions/,stockanalysis_company_page,COUR,Coursera Inc,2026-05-11 12:00:00+00:00,provisional_stockanalysis_action_date_not_first_announcement
EWCZ,0001856236,European Wax Center Inc,,ACQUISITION,2026-05-08,provisional_stockanalysis_action_date_not_first_announcement,https://stockanalysis.com/actions/acquisitions/,stockanalysis_company_page,-,General Atlantic,2026-05-08 12:00:00+00:00,provisional_stockanalysis_action_date_not_first_announcement
CTLP,0000896429,Cantaloupe Inc,,ACQUISITION,2026-05-07,provisional_stockanalysis_action_date_not_first_announcement,https://stockanalysis.com/actions/acquisitions/,stockanalysis_company_page,-,365 Retail Markets LLC,2026-05-07 12:00:00+00:00,provisional_stockanalysis_action_date_not_first_announcement
CTRA,0000858470,Coterra Energy Inc,,ACQUISITION,2026-05-06,provisional_stockanalysis_action_date_not_first_announcement,https://stockanalysis.com/actions/acquisitions/,stockanalysis_company_page,DVN,Devon Energy Corp,2026-05-06 12:00:00+00:00,provisional_stockanalysis_action_date_not_first_announcement
PKST,0001600626,Peakstone Realty Trust,,ACQUISITION,2026-05-05,provisional_stockanalysis_action_date_not_first_announcement,https://stockanalysis.com/actions/acquisitions/,stockanalysis_company_page,BAM,Brookfield Asset Management Ltd.,2026-05-05 12:00:00+00:00,provisional_stockanalysis_action_date_not_first_announcement
TERN,0001831363,Terns Pharmaceuticals Inc,,ACQUISITION,2026-05-04,provisional_stockanalysis_action_date_not_first_announcement,https://stockanalysis.com/actions/acquisitions/,stockanalysis_company_page,MRK,Merck & Co Inc,2026-05-04 12:00:00+00:00,provisional_stockanalysis_action_date_not_first_announcement
FARM,0000034563,Farmer Brothers Co.,,ACQUISITION,2026-05-04,provisional_stockanalysis_action_date_not_first_announcement,https://stockanalysis.com/actions/acquisitions/,stockanalysis_company_page,-,Royal Cup Coffee & Tea,2026-05-04 12:00:00+00:00,provisional_stockanalysis_action_date_not_first_announcement
UHG,0001830188,United Homes Group Inc,,ACQUISITION,2026-05-04,provisional_stockanalysis_action_date_not_first_announcement,https://stockanalysis.com/actions/acquisitions/,stockanalysis_company_page,-,Stanley Martin Homes,2026-05-04 12:00:00+00:00,provisional_stockanalysis_action_date_not_first_announcement
LNKB,0001756701,Linkbancorp Inc,,ACQUISITION,2026-05-01,provisional_stockanalysis_action_date_not_first_announcement,https://stockanalysis.com/actions/acquisitions/,stockanalysis_company_page,BHRB,Burke & Herbert Financial Services Corp,2026-05-01 12:00:00+00:00,provisional_stockanalysis_action_date_not_first_announcement
STKL,0000351834,Sunopta Inc,,ACQUISITION,2026-05-01,provisional_stockanalysis_action_date_not_first_announcement,https://stockanalysis.com/actions/acquisitions/,stockanalysis_company_page,-,Refresco Group Nv,2026-05-01 12:00:00+00:00,provisional_stockanalysis_action_date_not_first_announcement
GDEN,0001071255,Golden Entertainment Inc,,ACQUISITION,2026-04-29,provisional_stockanalysis_action_date_not_first_announcement,https://stockanalysis.com/actions/acquisitions/,stockanalysis_company_page,VICI,Vici Properties Inc,2026-04-29 12:00:00+00:00,provisional_stockanalysis_action_date_not_first_announcement
ACLX,0001786205,Arcellx Inc,,ACQUISITION,2026-04-28,provisional_stockanalysis_action_date_not_first_announcement,https://stockanalysis.com/actions/acquisitions/,stockanalysis_company_page,GILD,Gilead Sciences Inc,2026-04-28 12:00:00+00:00,provisional_stockanalysis_action_date_not_first_announcement
EM,0001834253,Smart Share Global Ltd.,,ACQUISITION,2026-04-28,provisional_stockanalysis_action_date_not_first_announcement,https://stockanalysis.com/actions/acquisitions/,stockanalysis_company_page,-,Mobile Charging Investment Limited,2026-04-28 12:00:00+00:00,provisional_stockanalysis_action_date_not_first_announcement
FOLD,0001178879,Amicus Therapeutics Inc,,ACQUISITION,2026-04-27,provisional_stockanalysis_action_date_not_first_announcement,https://stockanalysis.com/actions/acquisitions/,stockanalysis_company_page,BMRN,Biomarin Pharmaceutical Inc,2026-04-27 12:00:00+00:00,provisional_stockanalysis_action_date_not_first_announcement
SEMR,0001831840,Semrush Holdings Inc,,ACQUISITION,2026-04-27,provisional_stockanalysis_action_date_not_first_announcement,https://stockanalysis.com/actions/acquisitions/,stockanalysis_company_page,ADBE,Adobe Inc,2026-04-27 12:00:00+00:00,provisional_stockanalysis_action_date_not_first_announcement
DAWN,0001845337,Day One Biopharmaceuticals Inc,,ACQUISITION,2026-04-23,provisional_stockanalysis_action_date_not_first_announcement,https://stockanalysis.com/actions/acquisitions/,stockanalysis_company_page,-,Servier Pharmaceuticals LLC,2026-04-23 12:00:00+00:00,provisional_stockanalysis_action_date_not_first_announcement
DHIL,0000909108,Diamond Hill Investment Group Inc,,ACQUISITION,2026-04-21,provisional_stockanalysis_action_date_not_first_announcement,https://stockanalysis.com/actions/acquisitions/,stockanalysis_company_page,-,First Eagle Investment Management LLC,2026-04-21 12:00:00+00:00,provisional_stockanalysis_action_date_not_first_announcement
HTBK,0001053352,Heritage Commerce Corp,,ACQUISITION,2026-04-20,provisional_stockanalysis_action_date_not_first_announcement,https://stockanalysis.com/actions/acquisitions/,stockanalysis_company_page,CVBF,Cvb Financial Corp,2026-04-20 12:00:00+00:00,provisional_stockanalysis_action_date_not_first_announcement
MRCC,0001512931,Monroe Capital Corp,,ACQUISITION,2026-04-14,provisional_stockanalysis_action_date_not_first_announcement,https://stockanalysis.com/actions/acquisitions/,stockanalysis_company_page,HRZN,Horizon Technology Finance Corp,2026-04-14 12:00:00+00:00,provisional_stockanalysis_action_date_not_first_announcement
SEE,0001012100,Sealed Air Corp,,ACQUISITION,2026-04-08,provisional_stockanalysis_action_date_not_first_announcement,https://stockanalysis.com/actions/acquisitions/,stockanalysis_company_page,-,Cd&r,2026-04-08 12:00:00+00:00,provisional_stockanalysis_action_date_not_first_announcement
AL,0001487712,Air Lease Corp,,ACQUISITION,2026-04-07,provisional_stockanalysis_action_date_not_first_announcement,https://stockanalysis.com/actions/acquisitions/,stockanalysis_company_page,SSUMY,Sumitomo Corp,2026-04-07 12:00:00+00:00,provisional_stockanalysis_action_date_not_first_announcement
SWKH,0001089907,Swk Holdings Corp,,ACQUISITION,2026-04-06,provisional_stockanalysis_action_date_not_first_announcement,https://stockanalysis.com/actions/acquisitions/,stockanalysis_company_page,RWAY,Runway Growth Finance Corp,2026-04-06 12:00:00+00:00,provisional_stockanalysis_action_date_not_first_announcement
HOLX,0000859737,Hologic Inc,,ACQUISITION,2026-04-06,provisional_stockanalysis_action_date_not_first_announcement,https://stockanalysis.com/actions/acquisitions/,stockanalysis_company_page,-,Tpg Capital Lp,2026-04-06 12:00:00+00:00,provisional_stockanalysis_action_date_not_first_announcement
OS,0001889956,Onestream Inc,,ACQUISITION,2026-04-02,provisional_stockanalysis_action_date_not_first_announcement,https://stockanalysis.com/actions/acquisitions/,stockanalysis_company_page,-,Hg Capital,2026-04-02 12:00:00+00:00,provisional_stockanalysis_action_date_not_first_announcement
BLFY,0001846017,Blue Foundry Bancorp,,ACQUISITION,2026-04-01,provisional_stockanalysis_action_date_not_first_announcement,https://stockanalysis.com/actions/acquisitions/,stockanalysis_company_page,FULT,Fulton Financial Corp,2026-04-01 12:00:00+00:00,provisional_stockanalysis_action_date_not_first_announcement
TBHC,0001056285,Brand House Collective Inc,,ACQUISITION,2026-04-01,provisional_stockanalysis_action_date_not_first_announcement,https://stockanalysis.com/actions/acquisitions/,stockanalysis_company_page,NXH,Neighborhood Intelligence Inc,2026-04-01 12:00:00+00:00,provisional_stockanalysis_action_date_not_first_announcement
GLDD,0001372020,Great Lakes Dredge & Dock Corp,,ACQUISITION,2026-03-31,provisional_stockanalysis_action_date_not_first_announcement,https://stockanalysis.com/actions/acquisitions/,stockanalysis_company_page,-,Saltchuk Resources Inc,2026-03-31 12:00:00+00:00,provisional_stockanalysis_action_date_not_first_announcement
ONTF,0001110611,On24 Inc,,ACQUISITION,2026-03-31,provisional_stockanalysis_action_date_not_first_announcement,https://stockanalysis.com/actions/acquisitions/,stockanalysis_company_page,-,Cvent LLC,2026-03-31 12:00:00+00:00,provisional_stockanalysis_action_date_not_first_announcement
FFWM,0001413837,First Foundation Inc,,ACQUISITION,2026-03-31,provisional_stockanalysis_action_date_not_first_announcement,https://stockanalysis.com/actions/acquisitions/,stockanalysis_company_page,FSUN,Firstsun Capital Bancorp,2026-03-31 12:00:00+00:00,provisional_stockanalysis_action_date_not_first_announcement
UBFO,0001137547,United Security Bancshares,,ACQUISITION,2026-03-31,provisional_stockanalysis_action_date_not_first_announcement,https://stockanalysis.com/actions/acquisitions/,stockanalysis_company_page,CWBC,Community West Bancshares,2026-03-31 12:00:00+00:00,provisional_stockanalysis_action_date_not_first_announcement
DVS,0001542028,Dolly Varden Silver Corp,,ACQUISITION,2026-03-26,provisional_stockanalysis_action_date_not_first_announcement,https://stockanalysis.com/actions/acquisitions/,stockanalysis_company_page,CTGO,Contango Silver & Gold Inc,2026-03-26 12:00:00+00:00,provisional_stockanalysis_action_date_not_first_announcement
NGD,0000800166,New Gold Inc,,ACQUISITION,2026-03-23,provisional_stockanalysis_action_date_not_first_announcement,https://stockanalysis.com/actions/acquisitions/,stockanalysis_company_page,CDE,Coeur Mining Inc,2026-03-23 12:00:00+00:00,provisional_stockanalysis_action_date_not_first_announcement
TGNA,0000039899,Tegna Inc,,ACQUISITION,2026-03-20,provisional_stockanalysis_action_date_not_first_announcement,https://stockanalysis.com/actions/acquisitions/,stockanalysis_company_page,NXST,Nexstar Media Group Inc,2026-03-20 12:00:00+00:00,provisional_stockanalysis_action_date_not_first_announcement
EXAS,0001124140,Exact Sciences Corp,,ACQUISITION,2026-03-20,provisional_stockanalysis_action_date_not_first_announcement,https://stockanalysis.com/actions/acquisitions/,stockanalysis_company_page,ABT,Abbott Laboratories,2026-03-20 12:00:00+00:00,provisional_stockanalysis_action_date_not_first_announcement
CFLT,0001699838,Confluent Inc,,ACQUISITION,2026-03-17,provisional_stockanalysis_action_date_not_first_announcement,https://stockanalysis.com/actions/acquisitions/,stockanalysis_company_page,IBM,International Business Machines Corp,2026-03-17 12:00:00+00:00,provisional_stockanalysis_action_date_not_first_announcement
QIPT,0001540013,Quipt Home Medical Corp,,ACQUISITION,2026-03-17,provisional_stockanalysis_action_date_not_first_announcement,https://stockanalysis.com/actions/acquisitions/,stockanalysis_company_page,-,Kingswood Capital Management Lp,2026-03-17 12:00:00+00:00,provisional_stockanalysis_action_date_not_first_announcement
SGN,0001898474,Signing Day Sports Inc,,ACQUISITION,2026-03-16,provisional_stockanalysis_action_date_not_first_announcement,https://stockanalysis.com/actions/acquisitions/,stockanalysis_company_page,AIB,Aib Data Centers Inc,2026-03-16 12:00:00+00:00,provisional_stockanalysis_action_date_not_first_announcement
IROQ,0001514743,If Bancorp Inc,,ACQUISITION,2026-03-12,provisional_stockanalysis_action_date_not_first_announcement,https://stockanalysis.com/actions/acquisitions/,stockanalysis_company_page,-,Servbanc Holdco Inc,2026-03-12 12:00:00+00:00,provisional_stockanalysis_action_date_not_first_announcement
ALEX,0001545654,Alexander & Baldwin Inc,,ACQUISITION,2026-03-12,provisional_stockanalysis_action_date_not_first_announcement,https://stockanalysis.com/actions/acquisitions/,stockanalysis_company_page,-,Mw Group,2026-03-12 12:00:00+00:00,provisional_stockanalysis_action_date_not_first_announcement
EB,0001475115,Eventbrite Inc,,ACQUISITION,2026-03-09,provisional_stockanalysis_action_date_not_first_announcement,https://stockanalysis.com/actions/acquisitions/,stockanalysis_company_page,BSP,Bending Spoons SpA,2026-03-09 12:00:00+00:00,provisional_stockanalysis_action_date_not_first_announcement
VTYX,0001851194,Ventyx Biosciences Inc,,ACQUISITION,2026-03-04,provisional_stockanalysis_action_date_not_first_announcement,https://stockanalysis.com/actions/acquisitions/,stockanalysis_company_page,LLY,Eli Lilly & Co.,2026-03-04 12:00:00+00:00,provisional_stockanalysis_action_date_not_first_announcement
RAPT,0001673772,Rapt Therapeutics Inc,,ACQUISITION,2026-03-03,provisional_stockanalysis_action_date_not_first_announcement,https://stockanalysis.com/actions/acquisitions/,stockanalysis_company_page,GSK,Gsk PLC,2026-03-03 12:00:00+00:00,provisional_stockanalysis_action_date_not_first_announcement
FRGE,0001827821,Forge Global Holdings Inc,,ACQUISITION,2026-02-27,provisional_stockanalysis_action_date_not_first_announcement,https://stockanalysis.com/actions/acquisitions/,stockanalysis_company_page,SCHW,Schwab Charles Corp,2026-02-27 12:00:00+00:00,provisional_stockanalysis_action_date_not_first_announcement
MBCN,0000836147,Middlefield Banc Corp,,ACQUISITION,2026-02-27,provisional_stockanalysis_action_date_not_first_announcement,https://stockanalysis.com/actions/acquisitions/,stockanalysis_company_page,FMNB,Farmers National Banc Corp,2026-02-27 12:00:00+00:00,provisional_stockanalysis_action_date_not_first_announcement
RNAM,0001599901,Avidity Biosciences Inc,,ACQUISITION,2026-02-26,provisional_stockanalysis_action_date_not_first_announcement,https://stockanalysis.com/actions/acquisitions/,stockanalysis_company_page,NVS,Novartis Ag,2026-02-26 12:00:00+00:00,provisional_stockanalysis_action_date_not_first_announcement
AHL,0001267395,Aspen Insurance Holdings Ltd.,,ACQUISITION,2026-02-23,provisional_stockanalysis_action_date_not_first_announcement,https://stockanalysis.com/actions/acquisitions/,stockanalysis_company_page,SMPNY,Sompo Holdings Inc,2026-02-23 12:00:00+00:00,provisional_stockanalysis_action_date_not_first_announcement
MGIC,0000876779,Magic Software Enterprises Ltd.,,ACQUISITION,2026-02-23,provisional_stockanalysis_action_date_not_first_announcement,https://stockanalysis.com/actions/acquisitions/,stockanalysis_company_page,-,Matrix It Ltd.,2026-02-23 12:00:00+00:00,provisional_stockanalysis_action_date_not_first_announcement
MOFG,0001412665,Midwestone Financial Group Inc,,ACQUISITION,2026-02-13,provisional_stockanalysis_action_date_not_first_announcement,https://stockanalysis.com/actions/acquisitions/,stockanalysis_company_page,NIC,Nicolet Bankshares Inc,2026-02-13 12:00:00+00:00,provisional_stockanalysis_action_date_not_first_announcement
SNCR,0001131554,Synchronoss Technologies Inc,,ACQUISITION,2026-02-13,provisional_stockanalysis_action_date_not_first_announcement,https://stockanalysis.com/actions/acquisitions/,stockanalysis_company_page,-,Lumine Group Inc,2026-02-13 12:00:00+00:00,provisional_stockanalysis_action_date_not_first_announcement
ZEUS,0000917470,Olympic Steel Inc,,ACQUISITION,2026-02-12,provisional_stockanalysis_action_date_not_first_announcement,https://stockanalysis.com/actions/acquisitions/,stockanalysis_company_page,RYZ,Ryerson Holding Corp,2026-02-12 12:00:00+00:00,provisional_stockanalysis_action_date_not_first_announcement
SOHO,0001301236,Sotherly Hotels Inc,,ACQUISITION,2026-02-12,provisional_stockanalysis_action_date_not_first_announcement,https://stockanalysis.com/actions/acquisitions/,stockanalysis_company_page,-,Kemmons Wilson Hospitality Partners Lp,2026-02-12 12:00:00+00:00,provisional_stockanalysis_action_date_not_first_announcement
AVDL,0001012477,Avadel Pharmaceuticals PLC,,ACQUISITION,2026-02-11,provisional_stockanalysis_action_date_not_first_announcement,https://stockanalysis.com/actions/acquisitions/,stockanalysis_company_page,ALKS,Alkermes PLC,2026-02-11 12:00:00+00:00,provisional_stockanalysis_action_date_not_first_announcement
CYBR,0001598110,Cyberark Software Ltd.,,ACQUISITION,2026-02-10,provisional_stockanalysis_action_date_not_first_announcement,https://stockanalysis.com/actions/acquisitions/,stockanalysis_company_page,PANW,Palo Alto Networks Inc,2026-02-10 12:00:00+00:00,provisional_stockanalysis_action_date_not_first_announcement
THS,0001320695,Treehouse Foods Inc,,ACQUISITION,2026-02-10,provisional_stockanalysis_action_date_not_first_announcement,https://stockanalysis.com/actions/acquisitions/,stockanalysis_company_page,-,Investindustrial Viii Scsp,2026-02-10 12:00:00+00:00,provisional_stockanalysis_action_date_not_first_announcement
GBIO,0001733294,Generation Bio Co.,,ACQUISITION,2026-02-09,provisional_stockanalysis_action_date_not_first_announcement,https://stockanalysis.com/actions/acquisitions/,stockanalysis_company_page,XOMA,Xoma Royalty Corp,2026-02-09 12:00:00+00:00,provisional_stockanalysis_action_date_not_first_announcement
DVAX,0001029142,Dynavax Technologies Corp,,ACQUISITION,2026-02-09,provisional_stockanalysis_action_date_not_first_announcement,https://stockanalysis.com/actions/acquisitions/,stockanalysis_company_page,SNY,Sanofi,2026-02-09 12:00:00+00:00,provisional_stockanalysis_action_date_not_first_announcement
HI,0001417398,Hillenbrand Inc,,ACQUISITION,2026-02-09,provisional_stockanalysis_action_date_not_first_announcement,https://stockanalysis.com/actions/acquisitions/,stockanalysis_company_page,-,Lone Star Funds,2026-02-09 12:00:00+00:00,provisional_stockanalysis_action_date_not_first_announcement
DAY,0001725057,Dayforce Inc,,ACQUISITION,2026-02-03,provisional_stockanalysis_action_date_not_first_announcement,https://stockanalysis.com/actions/acquisitions/,stockanalysis_company_page,-,Thoma Bravo Ugp LLC,2026-02-03 12:00:00+00:00,provisional_stockanalysis_action_date_not_first_announcement
APLT,0001697532,Applied Therapeutics Inc,,ACQUISITION,2026-02-03,provisional_stockanalysis_action_date_not_first_announcement,https://stockanalysis.com/actions/acquisitions/,stockanalysis_company_page,-,Cycle Group Holdings Limited,2026-02-03 12:00:00+00:00,provisional_stockanalysis_action_date_not_first_announcement
ISPO,0001820566,Inspirato Inc,,ACQUISITION,2026-02-03,provisional_stockanalysis_action_date_not_first_announcement,https://stockanalysis.com/actions/acquisitions/,stockanalysis_company_page,-,Exclusive Investments LLC,2026-02-03 12:00:00+00:00,provisional_stockanalysis_action_date_not_first_announcement
CMA,0000028412,Comerica Inc,,ACQUISITION,2026-01-30,provisional_stockanalysis_action_date_not_first_announcement,https://stockanalysis.com/actions/acquisitions/,stockanalysis_company_page,FITB,Fifth Third Bancorp,2026-01-30 12:00:00+00:00,provisional_stockanalysis_action_date_not_first_announcement
FSFG,0001435508,First Savings Financial Group Inc,,ACQUISITION,2026-01-30,provisional_stockanalysis_action_date_not_first_announcement,https://stockanalysis.com/actions/acquisitions/,stockanalysis_company_page,FRME,First Merchants Corp,2026-01-30 12:00:00+00:00,provisional_stockanalysis_action_date_not_first_announcement
CADE,0001299939,Cadence Bank,,ACQUISITION,2026-01-30,provisional_stockanalysis_action_date_not_first_announcement,https://stockanalysis.com/actions/acquisitions/,stockanalysis_company_page,HBAN,Huntington Bancshares Inc,2026-01-30 12:00:00+00:00,provisional_stockanalysis_action_date_not_first_announcement
PCH,0001338749,Potlatchdeltic Corp,,ACQUISITION,2026-01-30,provisional_stockanalysis_action_date_not_first_announcement,https://stockanalysis.com/actions/acquisitions/,stockanalysis_company_page,RYN,Rayonier Inc,2026-01-30 12:00:00+00:00,provisional_stockanalysis_action_date_not_first_announcement
REVG,0001687221,Rev Group Inc,,ACQUISITION,2026-01-30,provisional_stockanalysis_action_date_not_first_announcement,https://stockanalysis.com/actions/acquisitions/,stockanalysis_company_page,TEX,Terex Corp,2026-01-30 12:00:00+00:00,provisional_stockanalysis_action_date_not_first_announcement
JAMF,0001721947,Jamf Holding Corp,,ACQUISITION,2026-01-29,provisional_stockanalysis_action_date_not_first_announcement,https://stockanalysis.com/actions/acquisitions/,stockanalysis_company_page,-,Francisco Partners Management Lp,2026-01-29 12:00:00+00:00,provisional_stockanalysis_action_date_not_first_announcement
CIVI,0001509589,Civitas Resources Inc,,ACQUISITION,2026-01-29,provisional_stockanalysis_action_date_not_first_announcement,https://stockanalysis.com/actions/acquisitions/,stockanalysis_company_page,SM,Sm Energy Co.,2026-01-29 12:00:00+00:00,provisional_stockanalysis_action_date_not_first_announcement
VSTA,0001792829,Vasta Platform Ltd.,,ACQUISITION,2026-01-28,provisional_stockanalysis_action_date_not_first_announcement,https://stockanalysis.com/actions/acquisitions/,stockanalysis_company_page,COGNY,Cogna Educacao SA,2026-01-28 12:00:00+00:00,provisional_stockanalysis_action_date_not_first_announcement
SHCO,0001846510,Soho House & Co Inc,,ACQUISITION,2026-01-28,provisional_stockanalysis_action_date_not_first_announcement,https://stockanalysis.com/actions/acquisitions/,stockanalysis_company_page,-,Tyler Morse,2026-01-28 12:00:00+00:00,provisional_stockanalysis_action_date_not_first_announcement
RPTX,0001808158,Repare Therapeutics Inc,,ACQUISITION,2026-01-28,provisional_stockanalysis_action_date_not_first_announcement,https://stockanalysis.com/actions/acquisitions/,stockanalysis_company_page,-,Xenotherapeutics Corp,2026-01-28 12:00:00+00:00,provisional_stockanalysis_action_date_not_first_announcement
PLYM,0001515816,Plymouth Industrial Reit Inc,,ACQUISITION,2026-01-26,provisional_stockanalysis_action_date_not_first_announcement,https://stockanalysis.com/actions/acquisitions/,stockanalysis_company_page,-,Makarora Management Lp,2026-01-26 12:00:00+00:00,provisional_stockanalysis_action_date_not_first_announcement
GES,0000912463,Guess Inc,,ACQUISITION,2026-01-22,provisional_stockanalysis_action_date_not_first_announcement,https://stockanalysis.com/actions/acquisitions/,stockanalysis_company_page,-,Marciano Nicolai D,2026-01-22 12:00:00+00:00,provisional_stockanalysis_action_date_not_first_announcement
ATXS,0001454789,Astria Therapeutics Inc,,ACQUISITION,2026-01-22,provisional_stockanalysis_action_date_not_first_announcement,https://stockanalysis.com/actions/acquisitions/,stockanalysis_company_page,BCRX,Biocryst Pharmaceuticals Inc,2026-01-22 12:00:00+00:00,provisional_stockanalysis_action_date_not_first_announcement
TRUE,0001327318,Truecar Inc,,ACQUISITION,2026-01-21,provisional_stockanalysis_action_date_not_first_announcement,https://stockanalysis.com/actions/acquisitions/,stockanalysis_company_page,-,Fair Holdings Inc,2026-01-21 12:00:00+00:00,provisional_stockanalysis_action_date_not_first_announcement
FYBR,0000020520,Frontier Communications Parent Inc,,ACQUISITION,2026-01-20,provisional_stockanalysis_action_date_not_first_announcement,https://stockanalysis.com/actions/acquisitions/,stockanalysis_company_page,VZ,Verizon Communications Inc,2026-01-20 12:00:00+00:00,provisional_stockanalysis_action_date_not_first_announcement
GIFI,0001031623,Gulf Island Fabrication Inc,,ACQUISITION,2026-01-16,provisional_stockanalysis_action_date_not_first_announcement,https://stockanalysis.com/actions/acquisitions/,stockanalysis_company_page,IESC,Ies Holdings Inc,2026-01-16 12:00:00+00:00,provisional_stockanalysis_action_date_not_first_announcement
DENN,0000852772,Denny's Corp,,ACQUISITION,2026-01-16,provisional_stockanalysis_action_date_not_first_announcement,https://stockanalysis.com/actions/acquisitions/,stockanalysis_company_page,-,Triartisan Capital Advisors LLC,2026-01-16 12:00:00+00:00,provisional_stockanalysis_action_date_not_first_announcement
SMLR,0001554859,Semler Scientific Inc,,ACQUISITION,2026-01-15,provisional_stockanalysis_action_date_not_first_announcement,https://stockanalysis.com/actions/acquisitions/,stockanalysis_company_page,ASST,Strive Inc,2026-01-15 12:00:00+00:00,provisional_stockanalysis_action_date_not_first_announcement
CIO,0001593222,City Office Reit Inc,,ACQUISITION,2026-01-08,provisional_stockanalysis_action_date_not_first_announcement,https://stockanalysis.com/actions/acquisitions/,stockanalysis_company_page,-,Morning Calm Management LLC,2026-01-08 12:00:00+00:00,provisional_stockanalysis_action_date_not_first_announcement
HOUS,0001398987,Anywhere Real Estate Inc,,ACQUISITION,2026-01-08,provisional_stockanalysis_action_date_not_first_announcement,https://stockanalysis.com/actions/acquisitions/,stockanalysis_company_page,COMP,Compass Inc,2026-01-08 12:00:00+00:00,provisional_stockanalysis_action_date_not_first_announcement
CVAC,0001809122,Curevac Nv,,ACQUISITION,2026-01-06,provisional_stockanalysis_action_date_not_first_announcement,https://stockanalysis.com/actions/acquisitions/,stockanalysis_company_page,BNTX,Biontech Se,2026-01-06 12:00:00+00:00,provisional_stockanalysis_action_date_not_first_announcement
CDTX,0001610618,Cidara Therapeutics Inc,,ACQUISITION,2026-01-06,provisional_stockanalysis_action_date_not_first_announcement,https://stockanalysis.com/actions/acquisitions/,stockanalysis_company_page,MRK,Merck & Co Inc,2026-01-06 12:00:00+00:00,provisional_stockanalysis_action_date_not_first_announcement
MRSN,0001442836,Mersana Therapeutics Inc,,ACQUISITION,2026-01-05,provisional_stockanalysis_action_date_not_first_announcement,https://stockanalysis.com/actions/acquisitions/,stockanalysis_company_page,DAWN,Day One Biopharmaceuticals Inc,2026-01-05 12:00:00+00:00,provisional_stockanalysis_action_date_not_first_announcement
PBBK,0001849670,Pb Bankshares Inc,,ACQUISITION,2026-01-02,provisional_stockanalysis_action_date_not_first_announcement,https://stockanalysis.com/actions/acquisitions/,stockanalysis_company_page,NWFL,Norwood Financial Corp,2026-01-02 12:00:00+00:00,provisional_stockanalysis_action_date_not_first_announcement
SNV,0000018349,Synovus Financial Corp,,ACQUISITION,2025-12-31,provisional_stockanalysis_action_date_not_first_announcement,https://stockanalysis.com/actions/acquisitions/2025/,stockanalysis_company_page,PNFP,Pinnacle Financial Partners Inc,2025-12-31 12:00:00+00:00,provisional_stockanalysis_action_date_not_first_announcement
BFIN,0001303942,Bankfinancial Corp,,ACQUISITION,2025-12-31,provisional_stockanalysis_action_date_not_first_announcement,https://stockanalysis.com/actions/acquisitions/2025/,stockanalysis_company_page,FFBC,First Financial Bancorp,2025-12-31 12:00:00+00:00,provisional_stockanalysis_action_date_not_first_announcement
WOW,0001701051,Wideopenwest Inc,,ACQUISITION,2025-12-30,provisional_stockanalysis_action_date_not_first_announcement,https://stockanalysis.com/actions/acquisitions/,stockanalysis_company_page,-,Digitalbridge Investments LLC,2025-12-30 12:00:00+00:00,provisional_stockanalysis_action_date_not_first_announcement
MRUS,0001651311,Merus Nv,,ACQUISITION,2025-12-29,provisional_stockanalysis_action_date_not_first_announcement,https://stockanalysis.com/actions/acquisitions/2025/,stockanalysis_company_page,GMAB,Genmab A,2025-12-29 12:00:00+00:00,provisional_stockanalysis_action_date_not_first_announcement
IAS,0001842718,Integral Ad Science Holding Corp,,ACQUISITION,2025-12-23,provisional_stockanalysis_action_date_not_first_announcement,https://stockanalysis.com/actions/acquisitions/,stockanalysis_company_page,-,Novacap,2025-12-23 12:00:00+00:00,provisional_stockanalysis_action_date_not_first_announcement
ZK,0001954042,Zeekr Intelligent Technology Holding Ltd.,,ACQUISITION,2025-12-19,provisional_stockanalysis_action_date_not_first_announcement,https://stockanalysis.com/actions/acquisitions/2025/,stockanalysis_company_page,GELYY,Geely Automobile Holdings Limited,2025-12-19 12:00:00+00:00,provisional_stockanalysis_action_date_not_first_announcement
PGRE,0001605607,Paramount Group Inc,,ACQUISITION,2025-12-18,provisional_stockanalysis_action_date_not_first_announcement,https://stockanalysis.com/actions/acquisitions/2025/,stockanalysis_company_page,RITM,Rithm Capital Corp,2025-12-18 12:00:00+00:00,provisional_stockanalysis_action_date_not_first_announcement
BRY,0001705873,Berry Corp (bry),,ACQUISITION,2025-12-17,provisional_stockanalysis_action_date_not_first_announcement,https://stockanalysis.com/actions/acquisitions/2025/,stockanalysis_company_page,CRC,California Resources Corp,2025-12-17 12:00:00+00:00,provisional_stockanalysis_action_date_not_first_announcement
SPNS,0000885740,Sapiens International Corp N V,,ACQUISITION,2025-12-16,provisional_stockanalysis_action_date_not_first_announcement,https://stockanalysis.com/actions/acquisitions/,stockanalysis_company_page,-,Advent International LLC,2025-12-16 12:00:00+00:00,provisional_stockanalysis_action_date_not_first_announcement
EVOK,0001403708,Evoke Pharma Inc,,ACQUISITION,2025-12-16,provisional_stockanalysis_action_date_not_first_announcement,https://stockanalysis.com/actions/acquisitions/2025/,stockanalysis_company_page,-,Qol Medical LLC,2025-12-16 12:00:00+00:00,provisional_stockanalysis_action_date_not_first_announcement
BEDU,0001696355,Bright Scholar Education Holdings Ltd.,,ACQUISITION,2025-12-15,provisional_stockanalysis_action_date_not_first_announcement,https://stockanalysis.com/actions/acquisitions/2025/,stockanalysis_company_page,-,Excellence Education Investment Ltd.,2025-12-15 12:00:00+00:00,provisional_stockanalysis_action_date_not_first_announcement
VTLE,0001528129,Vital Energy Inc,,ACQUISITION,2025-12-12,provisional_stockanalysis_action_date_not_first_announcement,https://stockanalysis.com/actions/acquisitions/,stockanalysis_company_page,CRGY,Crescent Energy Co.,2025-12-12 12:00:00+00:00,provisional_stockanalysis_action_date_not_first_announcement
ALE,0000066756,Allete Inc,,ACQUISITION,2025-12-12,provisional_stockanalysis_action_date_not_first_announcement,https://stockanalysis.com/actions/acquisitions/,stockanalysis_company_page,-,Global Infrastructure Partners,2025-12-12 12:00:00+00:00,provisional_stockanalysis_action_date_not_first_announcement
SOL,0001417892,Emeren Group Ltd.,,ACQUISITION,2025-12-12,provisional_stockanalysis_action_date_not_first_announcement,https://stockanalysis.com/actions/acquisitions/,stockanalysis_company_page,-,Shurya Vitra Ltd.,2025-12-12 12:00:00+00:00,provisional_stockanalysis_action_date_not_first_announcement
K,0000055067,Kellanova,,ACQUISITION,2025-12-11,provisional_stockanalysis_action_date_not_first_announcement,https://stockanalysis.com/actions/acquisitions/2025/,stockanalysis_company_page,-,Mars Inc,2025-12-11 12:00:00+00:00,provisional_stockanalysis_action_date_not_first_announcement
ODP,0000800240,Odp Corp,,ACQUISITION,2025-12-11,provisional_stockanalysis_action_date_not_first_announcement,https://stockanalysis.com/actions/acquisitions/,stockanalysis_company_page,-,Atlas Holdings,2025-12-11 12:00:00+00:00,provisional_stockanalysis_action_date_not_first_announcement
SCS,0001050825,Steelcase Inc,,ACQUISITION,2025-12-09,provisional_stockanalysis_action_date_not_first_announcement,https://stockanalysis.com/actions/acquisitions/2025/,stockanalysis_company_page,HNI,Hni Corp,2025-12-09 12:00:00+00:00,provisional_stockanalysis_action_date_not_first_announcement
AKRO,0001744659,Akero Therapeutics Inc,,ACQUISITION,2025-12-09,provisional_stockanalysis_action_date_not_first_announcement,https://stockanalysis.com/actions/acquisitions/2025/,stockanalysis_company_page,NVO,Novo Nordisk A S,2025-12-09 12:00:00+00:00,provisional_stockanalysis_action_date_not_first_announcement
HSII,0001066605,Heidrick & Struggles International Inc,,ACQUISITION,2025-12-09,provisional_stockanalysis_action_date_not_first_announcement,https://stockanalysis.com/actions/acquisitions/2025/,stockanalysis_company_page,-,Advent International LLC,2025-12-09 12:00:00+00:00,provisional_stockanalysis_action_date_not_first_announcement
ADVM,0001501756,Adverum Biotechnologies Inc,,ACQUISITION,2025-12-09,provisional_stockanalysis_action_date_not_first_announcement,https://stockanalysis.com/actions/acquisitions/2025/,stockanalysis_company_page,LLY,Eli Lilly & Co.,2025-12-09 12:00:00+00:00,provisional_stockanalysis_action_date_not_first_announcement
PRO,0001392972,Pros Holdings Inc,,ACQUISITION,2025-12-08,provisional_stockanalysis_action_date_not_first_announcement,https://stockanalysis.com/actions/acquisitions/2025/,stockanalysis_company_page,-,Thoma Bravo Ugp LLC,2025-12-08 12:00:00+00:00,provisional_stockanalysis_action_date_not_first_announcement
SPR,0001364885,Spirit Aerosystems Holdings Inc,,ACQUISITION,2025-12-05,provisional_stockanalysis_action_date_not_first_announcement,https://stockanalysis.com/actions/acquisitions/2025/,stockanalysis_company_page,BA,Boeing Co.,2025-12-05 12:00:00+00:00,provisional_stockanalysis_action_date_not_first_announcement
MURA,0001971543,Mural Oncology PLC,,ACQUISITION,2025-12-04,provisional_stockanalysis_action_date_not_first_announcement,https://stockanalysis.com/actions/acquisitions/2025/,stockanalysis_company_page,XOMA,Xoma Royalty Corp,2025-12-04 12:00:00+00:00,provisional_stockanalysis_action_date_not_first_announcement
HBI,0001359841,Hanesbrands Inc,,ACQUISITION,2025-11-28,provisional_stockanalysis_action_date_not_first_announcement,https://stockanalysis.com/actions/acquisitions/,stockanalysis_company_page,GIL,Gildan Activewear Inc,2025-11-28 12:00:00+00:00,provisional_stockanalysis_action_date_not_first_announcement
GHLD,0001821160,Guild Holdings Co.,,ACQUISITION,2025-11-28,provisional_stockanalysis_action_date_not_first_announcement,https://stockanalysis.com/actions/acquisitions/2025/,stockanalysis_company_page,-,Bayview Msr Opportunity Master Fund Lp,2025-11-28 12:00:00+00:00,provisional_stockanalysis_action_date_not_first_announcement
GHLD,0001821160,Guild Holdings Co.,,ACQUISITION,2025-11-26,provisional_stockanalysis_action_date_not_first_announcement,https://stockanalysis.com/actions/acquisitions/,stockanalysis_company_page,-,Bayview Asset Management LLC,2025-11-26 12:00:00+00:00,provisional_stockanalysis_action_date_not_first_announcement
IPG,0000051644,Interpublic Group Of Companies Inc,,ACQUISITION,2025-11-26,provisional_stockanalysis_action_date_not_first_announcement,https://stockanalysis.com/actions/acquisitions/2025/,stockanalysis_company_page,OMC,Omnicom Group Inc,2025-11-26 12:00:00+00:00,provisional_stockanalysis_action_date_not_first_announcement
VRNT,0001166388,Verint Systems Inc,,ACQUISITION,2025-11-26,provisional_stockanalysis_action_date_not_first_announcement,https://stockanalysis.com/actions/acquisitions/,stockanalysis_company_page,-,Calabrio Inc,2025-11-26 12:00:00+00:00,provisional_stockanalysis_action_date_not_first_announcement
PINC,0001577916,Premier Inc,,ACQUISITION,2025-11-24,provisional_stockanalysis_action_date_not_first_announcement,https://stockanalysis.com/actions/acquisitions/,stockanalysis_company_page,-,Patient Square Capital LLC,2025-11-24 12:00:00+00:00,provisional_stockanalysis_action_date_not_first_announcement
LVTX,0001840748,Lava Therapeutics Nv,,ACQUISITION,2025-11-21,provisional_stockanalysis_action_date_not_first_announcement,https://stockanalysis.com/actions/acquisitions/,stockanalysis_company_page,XOMA,Xoma Royalty Corp,2025-11-21 12:00:00+00:00,provisional_stockanalysis_action_date_not_first_announcement
VMEO,0001837686,Vimeo Inc,,ACQUISITION,2025-11-21,provisional_stockanalysis_action_date_not_first_announcement,https://stockanalysis.com/actions/acquisitions/2025/,stockanalysis_company_page,BSP,Bending Spoons SpA,2025-11-21 12:00:00+00:00,provisional_stockanalysis_action_date_not_first_announcement
OCFT,0001780531,Oneconnect Financial Technology Co Ltd.,,ACQUISITION,2025-11-20,provisional_stockanalysis_action_date_not_first_announcement,https://stockanalysis.com/actions/acquisitions/2025/,stockanalysis_company_page,-,Bo Yu Ltd.,2025-11-20 12:00:00+00:00,provisional_stockanalysis_action_date_not_first_announcement
SRDX,0000924717,Surmodics Inc,,ACQUISITION,2025-11-18,provisional_stockanalysis_action_date_not_first_announcement,https://stockanalysis.com/actions/acquisitions/,stockanalysis_company_page,-,Gtcr LLC,2025-11-18 12:00:00+00:00,provisional_stockanalysis_action_date_not_first_announcement
INFA,0001868778,Informatica Inc,,ACQUISITION,2025-11-18,provisional_stockanalysis_action_date_not_first_announcement,https://stockanalysis.com/actions/acquisitions/2025/,stockanalysis_company_page,CRM,Salesforce Inc,2025-11-18 12:00:00+00:00,provisional_stockanalysis_action_date_not_first_announcement
EMX,0001285786,Emx Royalty Corp,,ACQUISITION,2025-11-14,provisional_stockanalysis_action_date_not_first_announcement,https://stockanalysis.com/actions/acquisitions/,stockanalysis_company_page,ELE,Elemental Royalty Corp,2025-11-14 12:00:00+00:00,provisional_stockanalysis_action_date_not_first_announcement
MTSR,0002040807,Metsera Inc,,ACQUISITION,2025-11-14,provisional_stockanalysis_action_date_not_first_announcement,https://stockanalysis.com/actions/acquisitions/2025/,stockanalysis_company_page,PFE,Pfizer Inc,2025-11-14 12:00:00+00:00,provisional_stockanalysis_action_date_not_first_announcement
PVBC,0001635840,Provident Bancorp Inc,,ACQUISITION,2025-11-14,provisional_stockanalysis_action_date_not_first_announcement,https://stockanalysis.com/actions/acquisitions/,stockanalysis_company_page,NBBK,Nb Bancorp Inc,2025-11-14 12:00:00+00:00,provisional_stockanalysis_action_date_not_first_announcement
MRC,0001439095,Mrc Global Inc,,ACQUISITION,2025-11-05,provisional_stockanalysis_action_date_not_first_announcement,https://stockanalysis.com/actions/acquisitions/,stockanalysis_company_page,DNOW,Dnow Inc,2025-11-05 12:00:00+00:00,provisional_stockanalysis_action_date_not_first_announcement
CFSB,0001879103,Cfsb Bancorp Inc,,ACQUISITION,2025-11-03,provisional_stockanalysis_action_date_not_first_announcement,https://stockanalysis.com/actions/acquisitions/,stockanalysis_company_page,-,Hometown Financial Group Inc,2025-11-03 12:00:00+00:00,provisional_stockanalysis_action_date_not_first_announcement
TIXT,0001825155,Telus International (cda) Inc,,ACQUISITION,2025-10-31,provisional_stockanalysis_action_date_not_first_announcement,https://stockanalysis.com/actions/acquisitions/2025/,stockanalysis_company_page,TU,Telus Corp,2025-10-31 12:00:00+00:00,provisional_stockanalysis_action_date_not_first_announcement
HONE,0001769617,Harborone Bancorp Inc,,ACQUISITION,2025-10-31,provisional_stockanalysis_action_date_not_first_announcement,https://stockanalysis.com/actions/acquisitions/2025/,stockanalysis_company_page,EBC,Eastern Bankshares Inc,2025-10-31 12:00:00+00:00,provisional_stockanalysis_action_date_not_first_announcement
CCRD,0000320340,Corecard Corp,,ACQUISITION,2025-10-30,provisional_stockanalysis_action_date_not_first_announcement,https://stockanalysis.com/actions/acquisitions/,stockanalysis_company_page,EEFT,Euronet Worldwide Inc,2025-10-30 12:00:00+00:00,provisional_stockanalysis_action_date_not_first_announcement
ETNB,0001785173,89bio Inc,,ACQUISITION,2025-10-30,provisional_stockanalysis_action_date_not_first_announcement,https://stockanalysis.com/actions/acquisitions/,stockanalysis_company_page,RHHBY,Roche Holding Ltd.,2025-10-30 12:00:00+00:00,provisional_stockanalysis_action_date_not_first_announcement
TRML,0001827506,Tourmaline Bio Inc,,ACQUISITION,2025-10-28,provisional_stockanalysis_action_date_not_first_announcement,https://stockanalysis.com/actions/acquisitions/2025/,stockanalysis_company_page,NVS,Novartis Ag,2025-10-28 12:00:00+00:00,provisional_stockanalysis_action_date_not_first_announcement
MLNK,0001834494,Meridianlink Inc,,ACQUISITION,2025-10-23,provisional_stockanalysis_action_date_not_first_announcement,https://stockanalysis.com/actions/acquisitions/,stockanalysis_company_page,-,Centerbridge Partners Lp,2025-10-23 12:00:00+00:00,provisional_stockanalysis_action_date_not_first_announcement
PBPB,0001195734,Potbelly Corp,,ACQUISITION,2025-10-22,provisional_stockanalysis_action_date_not_first_announcement,https://stockanalysis.com/actions/acquisitions/,stockanalysis_company_page,-,Racetrac Inc,2025-10-22 12:00:00+00:00,provisional_stockanalysis_action_date_not_first_announcement
PHLT,0001550695,Performant Healthcare Inc,,ACQUISITION,2025-10-21,provisional_stockanalysis_action_date_not_first_announcement,https://stockanalysis.com/actions/acquisitions/,stockanalysis_company_page,-,Machinify,2025-10-21 12:00:00+00:00,provisional_stockanalysis_action_date_not_first_announcement
VBTX,0001501570,Veritex Holdings Inc,,ACQUISITION,2025-10-17,provisional_stockanalysis_action_date_not_first_announcement,https://stockanalysis.com/actions/acquisitions/,stockanalysis_company_page,HBAN,Huntington Bancshares Inc,2025-10-17 12:00:00+00:00,provisional_stockanalysis_action_date_not_first_announcement
SAND,0001434614,Sandstorm Gold Ltd.,,ACQUISITION,2025-10-17,provisional_stockanalysis_action_date_not_first_announcement,https://stockanalysis.com/actions/acquisitions/2025/,stockanalysis_company_page,RGLD,Royal Gold Inc,2025-10-17 12:00:00+00:00,provisional_stockanalysis_action_date_not_first_announcement
ZIMV,0001876588,Zimvie Inc,,ACQUISITION,2025-10-17,provisional_stockanalysis_action_date_not_first_announcement,https://stockanalysis.com/actions/acquisitions/,stockanalysis_company_page,-,Archimed,2025-10-17 12:00:00+00:00,provisional_stockanalysis_action_date_not_first_announcement
WNS,0001356570,Wns (holdings) Ltd.,,ACQUISITION,2025-10-16,provisional_stockanalysis_action_date_not_first_announcement,https://stockanalysis.com/actions/acquisitions/,stockanalysis_company_page,CGEMY,Cap Gemini SA,2025-10-16 12:00:00+00:00,provisional_stockanalysis_action_date_not_first_announcement
AVDX,0001858257,Avidxchange Holdings Inc,,ACQUISITION,2025-10-14,provisional_stockanalysis_action_date_not_first_announcement,https://stockanalysis.com/actions/acquisitions/,stockanalysis_company_page,CPAY,Corpay Inc,2025-10-14 12:00:00+00:00,provisional_stockanalysis_action_date_not_first_announcement
ARIS,0001964504,Aris Water Solutions Inc,NYSE,ACQUISITION,2025-10-14,provisional_stockanalysis_action_date_not_first_announcement,https://stockanalysis.com/actions/acquisitions/,sec_company_tickers_exchange,WES,Western Midstream Partners Lp,2025-10-14 12:00:00+00:00,provisional_stockanalysis_action_date_not_first_announcement
MTAL,0002107724,Mac Copper Ltd.,NYSE,ACQUISITION,2025-10-10,provisional_stockanalysis_action_date_not_first_announcement,https://stockanalysis.com/actions/acquisitions/,sec_company_tickers_exchange,HMY,Harmony Gold Mining Co Ltd.,2025-10-10 12:00:00+00:00,provisional_stockanalysis_action_date_not_first_announcement
EPIX,0001633932,Essa Pharma Inc,,ACQUISITION,2025-10-08,provisional_stockanalysis_action_date_not_first_announcement,https://stockanalysis.com/actions/acquisitions/,stockanalysis_company_page,-,Xenotherapeutics Corp,2025-10-08 12:00:00+00:00,provisional_stockanalysis_action_date_not_first_announcement
VRNA,0001657312,Verona Pharma PLC,,ACQUISITION,2025-10-07,provisional_stockanalysis_action_date_not_first_announcement,https://stockanalysis.com/actions/acquisitions/,stockanalysis_company_page,MRK,Merck & Co Inc,2025-10-07 12:00:00+00:00,provisional_stockanalysis_action_date_not_first_announcement
SCPH,0001604950,Scpharmaceuticals Inc,,ACQUISITION,2025-10-06,provisional_stockanalysis_action_date_not_first_announcement,https://stockanalysis.com/actions/acquisitions/,stockanalysis_company_page,MNKD,Mannkind Corp,2025-10-06 12:00:00+00:00,provisional_stockanalysis_action_date_not_first_announcement
MGRM,0001769759,Monogram Technologies Inc,,ACQUISITION,2025-10-06,provisional_stockanalysis_action_date_not_first_announcement,https://stockanalysis.com/actions/acquisitions/,stockanalysis_company_page,ZBH,Zimmer Biomet Holdings Inc,2025-10-06 12:00:00+00:00,provisional_stockanalysis_action_date_not_first_announcement
COOP,0000933136,Mr Cooper Group Inc,,ACQUISITION,2025-10-02,provisional_stockanalysis_action_date_not_first_announcement,https://stockanalysis.com/actions/acquisitions/,stockanalysis_company_page,RKT,Rocket Companies Inc,2025-10-02 12:00:00+00:00,provisional_stockanalysis_action_date_not_first_announcement
NEUE,0001671284,Neuehealth Inc,,ACQUISITION,2025-10-01,provisional_stockanalysis_action_date_not_first_announcement,https://stockanalysis.com/actions/acquisitions/,stockanalysis_company_page,-,New Enterprise Associates,2025-10-01 12:00:00+00:00,provisional_stockanalysis_action_date_not_first_announcement
BGFV,0001156388,Big 5 Sporting Goods Corp,,ACQUISITION,2025-10-01,provisional_stockanalysis_action_date_not_first_announcement,https://stockanalysis.com/actions/acquisitions/,stockanalysis_company_page,-,Worldwide Golf Group LLC,2025-10-01 12:00:00+00:00,provisional_stockanalysis_action_date_not_first_announcement
TTNP,0000910267,Titan Pharmaceuticals Inc,,ACQUISITION,2025-10-01,provisional_stockanalysis_action_date_not_first_announcement,https://stockanalysis.com/actions/acquisitions/,stockanalysis_company_page,BTTC,Black Titan Corp,2025-10-01 12:00:00+00:00,provisional_stockanalysis_action_date_not_first_announcement
GNTY,0001058867,Guaranty Bancshares Inc,,ACQUISITION,2025-09-30,provisional_stockanalysis_action_date_not_first_announcement,https://stockanalysis.com/actions/acquisitions/,stockanalysis_company_page,GBCI,Glacier Bancorp Inc,2025-09-30 12:00:00+00:00,provisional_stockanalysis_action_date_not_first_announcement
THTX,0001512717,Theratechnologies Inc,,ACQUISITION,2025-09-25,provisional_stockanalysis_action_date_not_first_announcement,https://stockanalysis.com/actions/acquisitions/,stockanalysis_company_page,-,Future Pak LLC,2025-09-25 12:00:00+00:00,provisional_stockanalysis_action_date_not_first_announcement
KLG,0001959348,Wk Kellogg Co.,,ACQUISITION,2025-09-25,provisional_stockanalysis_action_date_not_first_announcement,https://stockanalysis.com/actions/acquisitions/,stockanalysis_company_page,-,Ferrero Group,2025-09-25 12:00:00+00:00,provisional_stockanalysis_action_date_not_first_announcement
DALN,0001413898,Dallasnews Corp,,ACQUISITION,2025-09-24,provisional_stockanalysis_action_date_not_first_announcement,https://stockanalysis.com/actions/acquisitions/,stockanalysis_company_page,-,Hearst Communications Inc,2025-09-24 12:00:00+00:00,provisional_stockanalysis_action_date_not_first_announcement
BRFS,0001122491,Brf SA,,ACQUISITION,2025-09-22,provisional_stockanalysis_action_date_not_first_announcement,https://stockanalysis.com/actions/acquisitions/,stockanalysis_company_page,MRRTY,Marfrig Global Foods SA,2025-09-22 12:00:00+00:00,provisional_stockanalysis_action_date_not_first_announcement
SPTN,0000877422,Spartannash Co.,,ACQUISITION,2025-09-19,provisional_stockanalysis_action_date_not_first_announcement,https://stockanalysis.com/actions/acquisitions/,stockanalysis_company_page,-,C&s Wholesale Grocers Inc,2025-09-19 12:00:00+00:00,provisional_stockanalysis_action_date_not_first_announcement
MNTX,0001302028,Manitex International Inc,,ACQUISITION,2024-12-31,provisional_stockanalysis_action_date_not_first_announcement,https://stockanalysis.com/actions/acquisitions/2024/,stockanalysis_company_page,-,Tadano Ltd.,2024-12-31 12:00:00+00:00,provisional_stockanalysis_action_date_not_first_announcement
IBTX,0000764038,Independent Bank Group Inc,,ACQUISITION,2024-12-31,provisional_stockanalysis_action_date_not_first_announcement,https://stockanalysis.com/actions/acquisitions/2024/,stockanalysis_company_page,SSB,Southstate Bank Corp,2024-12-31 12:00:00+00:00,provisional_stockanalysis_action_date_not_first_announcement
NAPA,0001835256,Duckhorn Portfolio Inc,,ACQUISITION,2024-12-23,provisional_stockanalysis_action_date_not_first_announcement,https://stockanalysis.com/actions/acquisitions/2024/,stockanalysis_company_page,-,Marlee Buyer Inc,2024-12-23 12:00:00+00:00,provisional_stockanalysis_action_date_not_first_announcement
AGR,0001634997,Avangrid Inc,,ACQUISITION,2024-12-20,provisional_stockanalysis_action_date_not_first_announcement,https://stockanalysis.com/actions/acquisitions/2024/,stockanalysis_company_page,IBDRY,Iberdrola SA,2024-12-20 12:00:00+00:00,provisional_stockanalysis_action_date_not_first_announcement
CTLT,0001596783,Catalent Inc,,ACQUISITION,2024-12-17,provisional_stockanalysis_action_date_not_first_announcement,https://stockanalysis.com/actions/acquisitions/2024/,stockanalysis_company_page,NVO,Novo Nordisk A S,2024-12-17 12:00:00+00:00,provisional_stockanalysis_action_date_not_first_announcement
AY,0001601072,Atlantica Sustainable Infrastructure PLC,,ACQUISITION,2024-12-12,provisional_stockanalysis_action_date_not_first_announcement,https://stockanalysis.com/actions/acquisitions/2024/,stockanalysis_company_page,-,Energy Capital Partners Management Lp,2024-12-12 12:00:00+00:00,provisional_stockanalysis_action_date_not_first_announcement
PGRU,0001873331,Propertyguru Group Ltd.,,ACQUISITION,2024-12-12,provisional_stockanalysis_action_date_not_first_announcement,https://stockanalysis.com/actions/acquisitions/2024/,stockanalysis_company_page,-,Eqt Private Equity Co LLC,2024-12-12 12:00:00+00:00,provisional_stockanalysis_action_date_not_first_announcement
VZIO,0001835591,Vizio Holding Corp,,ACQUISITION,2024-12-02,provisional_stockanalysis_action_date_not_first_announcement,https://stockanalysis.com/actions/acquisitions/2024/,stockanalysis_company_page,WMT,Walmart Inc,2024-12-02 12:00:00+00:00,provisional_stockanalysis_action_date_not_first_announcement
LBPH,0001832168,Longboard Pharmaceuticals Inc,,ACQUISITION,2024-11-29,provisional_stockanalysis_action_date_not_first_announcement,https://stockanalysis.com/actions/acquisitions/2024/,stockanalysis_company_page,HLUKF,H Lundbeck A S,2024-11-29 12:00:00+00:00,provisional_stockanalysis_action_date_not_first_announcement
ENV,0001337619,Envestnet Inc,,ACQUISITION,2024-11-22,provisional_stockanalysis_action_date_not_first_announcement,https://stockanalysis.com/actions/acquisitions/2024/,stockanalysis_company_page,-,Bain Capital Partners LLC,2024-11-22 12:00:00+00:00,provisional_stockanalysis_action_date_not_first_announcement
HAYN,0000858655,Haynes International Inc,,ACQUISITION,2024-11-20,provisional_stockanalysis_action_date_not_first_announcement,https://stockanalysis.com/actions/acquisitions/2024/,stockanalysis_company_page,ANIOY,Acerinox SA,2024-11-20 12:00:00+00:00,provisional_stockanalysis_action_date_not_first_announcement
RCM,0001910851,R1 Rcm Inc,,ACQUISITION,2024-11-18,provisional_stockanalysis_action_date_not_first_announcement,https://stockanalysis.com/actions/acquisitions/2024/,stockanalysis_company_page,-,Clayton Dubilier & Rice LLC,2024-11-18 12:00:00+00:00,provisional_stockanalysis_action_date_not_first_announcement
NVEI,0001765159,Nuvei Corp,,ACQUISITION,2024-11-15,provisional_stockanalysis_action_date_not_first_announcement,https://stockanalysis.com/actions/acquisitions/2024/,stockanalysis_company_page,-,Advent International LLC,2024-11-15 12:00:00+00:00,provisional_stockanalysis_action_date_not_first_announcement
AXNX,0001603756,Axonics Inc,,ACQUISITION,2024-11-14,provisional_stockanalysis_action_date_not_first_announcement,https://stockanalysis.com/actions/acquisitions/2024/,stockanalysis_company_page,BSX,Boston Scientific Corp,2024-11-14 12:00:00+00:00,provisional_stockanalysis_action_date_not_first_announcement
TWKS,0001866550,Thoughtworks Holding Inc,,ACQUISITION,2024-11-12,provisional_stockanalysis_action_date_not_first_announcement,https://stockanalysis.com/actions/acquisitions/2024/,stockanalysis_company_page,-,Apax Partners LLC,2024-11-12 12:00:00+00:00,provisional_stockanalysis_action_date_not_first_announcement
INST,0001841804,Instructure Holdings Inc,,ACQUISITION,2024-11-12,provisional_stockanalysis_action_date_not_first_announcement,https://stockanalysis.com/actions/acquisitions/2024/,stockanalysis_company_page,KKR,Kkr & Co Inc,2024-11-12 12:00:00+00:00,provisional_stockanalysis_action_date_not_first_announcement
SRCL,0000861878,Stericycle Inc,,ACQUISITION,2024-11-01,provisional_stockanalysis_action_date_not_first_announcement,https://stockanalysis.com/actions/acquisitions/2024/,stockanalysis_company_page,WM,Waste Management Inc,2024-11-01 12:00:00+00:00,provisional_stockanalysis_action_date_not_first_announcement
GVP,0000944480,Gse Systems Inc,,ACQUISITION,2024-10-31,provisional_stockanalysis_action_date_not_first_announcement,https://stockanalysis.com/actions/acquisitions/2024/,stockanalysis_company_page,-,Pelican Energy Partners Lp,2024-10-31 12:00:00+00:00,provisional_stockanalysis_action_date_not_first_announcement
STER,0001210677,Sterling Check Corp,,ACQUISITION,2024-10-30,provisional_stockanalysis_action_date_not_first_announcement,https://stockanalysis.com/actions/acquisitions/2024/,stockanalysis_company_page,FA,First Advantage Corp,2024-10-30 12:00:00+00:00,provisional_stockanalysis_action_date_not_first_announcement
GRDI,0000827876,Griid Infrastructure Inc,,ACQUISITION,2024-10-30,provisional_stockanalysis_action_date_not_first_announcement,https://stockanalysis.com/actions/acquisitions/2024/,stockanalysis_company_page,CLSK,Cleanspark Inc,2024-10-30 12:00:00+00:00,provisional_stockanalysis_action_date_not_first_announcement
LLAP,0000936468,Terran Orbital Corp,,ACQUISITION,2024-10-29,provisional_stockanalysis_action_date_not_first_announcement,https://stockanalysis.com/actions/acquisitions/2024/,stockanalysis_company_page,LMT,Lockheed Martin Corp,2024-10-29 12:00:00+00:00,provisional_stockanalysis_action_date_not_first_announcement
PETQ,0001668673,Petiq Inc,,ACQUISITION,2024-10-24,provisional_stockanalysis_action_date_not_first_announcement,https://stockanalysis.com/actions/acquisitions/2024/,stockanalysis_company_page,-,Bansk Group,2024-10-24 12:00:00+00:00,provisional_stockanalysis_action_date_not_first_announcement
SHCR,0001816233,Sharecare Inc,,ACQUISITION,2024-10-21,provisional_stockanalysis_action_date_not_first_announcement,https://stockanalysis.com/actions/acquisitions/2024/,stockanalysis_company_page,-,Altaris Capital Lp,2024-10-21 12:00:00+00:00,provisional_stockanalysis_action_date_not_first_announcement
SQSP,0001496963,Squarespace Inc,,ACQUISITION,2024-10-16,provisional_stockanalysis_action_date_not_first_announcement,https://stockanalysis.com/actions/acquisitions/2024/,stockanalysis_company_page,-,Permira Holdings Ltd.,2024-10-16 12:00:00+00:00,provisional_stockanalysis_action_date_not_first_announcement
CHUY,0001524931,Chuy's Holdings Inc,,ACQUISITION,2024-10-10,provisional_stockanalysis_action_date_not_first_announcement,https://stockanalysis.com/actions/acquisitions/2024/,stockanalysis_company_page,DRI,Darden Restaurants Inc,2024-10-10 12:00:00+00:00,provisional_stockanalysis_action_date_not_first_announcement
HMNF,0000903419,Hmn Financial Inc,,ACQUISITION,2024-10-09,provisional_stockanalysis_action_date_not_first_announcement,https://stockanalysis.com/actions/acquisitions/2024/,stockanalysis_company_page,ALRS,Alerus Financial Corp,2024-10-09 12:00:00+00:00,provisional_stockanalysis_action_date_not_first_announcement
VGR,0000059440,Vector Group Ltd.,,ACQUISITION,2024-10-07,provisional_stockanalysis_action_date_not_first_announcement,https://stockanalysis.com/actions/acquisitions/2024/,stockanalysis_company_page,-,Jt Group,2024-10-07 12:00:00+00:00,provisional_stockanalysis_action_date_not_first_announcement
AUGX,0001769804,Augmedix Inc,,ACQUISITION,2024-10-01,provisional_stockanalysis_action_date_not_first_announcement,https://stockanalysis.com/actions/acquisitions/2024/,stockanalysis_company_page,-,Commure Inc,2024-10-01 12:00:00+00:00,provisional_stockanalysis_action_date_not_first_announcement
PRFT,0001085869,Perficient Inc,,ACQUISITION,2024-10-01,provisional_stockanalysis_action_date_not_first_announcement,https://stockanalysis.com/actions/acquisitions/2024/,stockanalysis_company_page,-,Bpea Private Equity Fund Viii Co-investment Lp,2024-10-01 12:00:00+00:00,provisional_stockanalysis_action_date_not_first_announcement
PWSC,0001835681,Powerschool Holdings Inc,,ACQUISITION,2024-09-30,provisional_stockanalysis_action_date_not_first_announcement,https://stockanalysis.com/actions/acquisitions/2024/,stockanalysis_company_page,-,Bain Capital,2024-09-30 12:00:00+00:00,provisional_stockanalysis_action_date_not_first_announcement
SWN,0000895126,Southwestern Energy Co.,,ACQUISITION,2024-09-30,provisional_stockanalysis_action_date_not_first_announcement,https://stockanalysis.com/actions/acquisitions/2024/,stockanalysis_company_page,EXE,Expand Energy Corp,2024-09-30 12:00:00+00:00,provisional_stockanalysis_action_date_not_first_announcement
SGE,0001591890,Strong Global Entertainment Inc,,ACQUISITION,2024-09-27,provisional_stockanalysis_action_date_not_first_announcement,https://stockanalysis.com/actions/acquisitions/2024/,stockanalysis_company_page,FGNX,Fg Nexus Inc,2024-09-27 12:00:00+00:00,provisional_stockanalysis_action_date_not_first_announcement
DOMA,0001722438,Doma Holdings Inc,,ACQUISITION,2024-09-26,provisional_stockanalysis_action_date_not_first_announcement,https://stockanalysis.com/actions/acquisitions/2024/,stockanalysis_company_page,-,Title Resources Group,2024-09-26 12:00:00+00:00,provisional_stockanalysis_action_date_not_first_announcement
GTHX,0001560241,G1 Therapeutics Inc,,ACQUISITION,2024-09-17,provisional_stockanalysis_action_date_not_first_announcement,https://stockanalysis.com/actions/acquisitions/2024/,stockanalysis_company_page,-,Pharmacosmos A,2024-09-17 12:00:00+00:00,provisional_stockanalysis_action_date_not_first_announcement
HA,0000766421,Hawaiian Holdings Inc,,ACQUISITION,2024-09-17,provisional_stockanalysis_action_date_not_first_announcement,https://stockanalysis.com/actions/acquisitions/2024/,stockanalysis_company_page,ALK,Alaska Air Group Inc,2024-09-17 12:00:00+00:00,provisional_stockanalysis_action_date_not_first_announcement
